Name,Type,Latitude,Longitude
Thrikkakara Municipal Co-operative Hospital,Hospital,10.01816,76.34672
vengola govt homoeo dispensary,Hospital,10.0971798,76.4511132
"Sunrise Hospital, Ernakulam",Hospital,10.0252315,76.3388796
Naliyath Medical Chamber,Hospital,9.9432462,76.3741513
"Nair's Hospital , Kochi",Hospital,9.9502203,76.3179964
P.S. Mission Hospital,Hospital,9.9377796,76.3227155
Dr. Joys Hospital,Hospital,9.9585788,76.3192419
Varma Hospital,Hospital,9.9538555,76.3423588
Government Ayurveda Hospital,Hospital,9.9438728,76.349062
PNVM Hospital and Research Centre,Hospital,9.9859833,76.2814393
Al Shifa Hospital,Hospital,9.9787245,76.2867126
Sree Sudheendra Medical Mission Hospital,Hospital,9.9849328,76.2832964
MAJ Hospital,Hospital,10.0213004,76.3080439
Nirmala Hospital,Hospital,9.9446102,76.3727576
Gautham Hospital,Hospital,9.9468667,76.2560419
Laxmi Hospital,Hospital,9.9478979,76.2558553
Ushus Hospital.,Hospital,9.9832872,76.5778883
Nediyedath,Hospital,10.1717099,76.2119279
Topmost Medical Centre,Hospital,10.148035,76.2454786
City Hospital,Hospital,9.9812391,76.2834857
The Touch Aesthetic Medical Clinic,Hospital,9.9770906,76.3170085
Santhi Clinic And Hospital,Hospital,10.1470025,76.2294297
priya hospital,Hospital,10.1751999,76.3302812
Akshaya Hospital,Hospital,9.9690057,76.299672
Dr Raju's Eye Hospital,Hospital,9.9647734,76.3191089
Carmel Hospital,Hospital,10.090557,76.3620708
Bharath Rural Hospital and Training Centre,Hospital,10.1807053,76.2057125
"Najath Hospital, Ernakulam",Hospital,10.110983,76.3515701
Dr. Pakkai Memorial Hospital,Hospital,10.178028,76.3300226
Nettoor Primary Health Center,Hospital,9.9194425,76.3128645
Prana Ayurvedic Centre,Hospital,10.1188241,76.3816906
Westend Eye Hospitals,Hospital,9.9880943,76.2827224
Sarathy Ayurveda Clinic,Hospital,10.1093589,76.3589857
Govt Ayurveda Hospital ഗവൺമെന്റ് ആയൂർവേദ ആശുപത്രി,Hospital,10.1238777,76.3475843
Govt Homeo Dispensary,Hospital,10.0160984,76.2888545
Giridhar Eye Institute,Hospital,9.9641496,76.3050675
Ephphatha Softech എഫഥാ സ്പീച്ച് ആന്റ് ഹിയറിങ് സെന്റർ,Hospital,10.006847,76.3052486
Government Ayurvedic Hospital,Hospital,9.9242502,76.3579443
Primary Health Centre Koonammavu,Hospital,10.1011548,76.2659238
Rajagiri Hospital Emergency Services Entrance,Hospital,10.0876999,76.3887934
Rajagiri Hospital Main Entrance,Hospital,10.0878907,76.388261
"Vathiyayath Hospital, Perumbavoor",Hospital,10.1102479,76.4757764
Luke Memorial Eye Hospital,Hospital,10.1145519,76.4741792
Cochin Ariya Vaidya Sala,Hospital,9.9696286,76.3380557
P.M.M. Hsopital,Hospital,10.1643998,76.4363587
R C M Eye Hospital,Hospital,9.9467902,76.3522044
Jesus Hospital,Hospital,9.9428842,76.2606941
Vijaya Institute of Medical Sciences,Hospital,9.9700978,76.2991192
Ahalia Foundation Eye Hospital,Hospital,10.1446462,76.2262081
Jishy Hospital,Hospital,9.9244655,76.2558179
Sanjoe Hospital,Hospital,10.1142952,76.4726996
S. N. Mission Hospital,Hospital,10.1125425,76.4807714
Silverline Hospital,Hospital,9.9653574,76.3003696
Cimar Cochin Hospital,Hospital,10.0515389,76.296743
UB Trust Hospital and Diagnostic Centre,Hospital,10.0803996,76.2704929
"Vasan Eye Care Hospital, Palarivattom",Hospital,10.0099874,76.3126431
Paul's Hospital,Hospital,9.9883115,76.2957781
Dr. C. K. P Hospital,Hospital,10.0999403,76.347245
M.V. Joseph Memorial Hospital,Hospital,10.1111694,76.4815673
Nangelil Hospital,Hospital,10.0698012,76.6023036
Kerala Ayurveda Hospital,Hospital,10.1120322,76.353815
Thrikkakara Grama Panchayat Co-Operative Hospital,Hospital,10.0190155,76.3436562
SD Tata Hospital,Hospital,9.9280376,76.3912795
Focus Eye Hospital,Hospital,9.9942959,76.2954314
St. Joseph's Hospital,Hospital,10.0649895,76.626817
Dr. Noushad's ENT Hospital and Research Centre,Hospital,9.9869551,76.3167563
St. Philomina's Mission Hospital,Hospital,10.2105576,76.4482945
St. Joseph's Hospital,Hospital,10.0601909,76.3014141
Arogyalayam Hospital,Hospital,10.1111192,76.3503215
Parathuvayalil Hospital,Hospital,10.0641061,76.5204674
Anwar Memorial Hospital,Hospital,10.1083057,76.3528917
Specialists' Hospital,Hospital,9.9905344,76.2860182
Punarnava Ayurveda Hospital,Hospital,10.0441967,76.2977904
Susruta Eye Hospital,Hospital,10.0234595,76.3410974
Gyno Speciality Hospital,Hospital,10.1551857,76.3532773
Government Ayurveda Hospital,Hospital,10.0594005,76.2478738
Sarathy Ayurvedic Hospital,Hospital,10.1007404,76.3231815
Chaitanya Eye Hospital,Hospital,9.9599096,76.2903858
Fatima Hospital,Hospital,9.9014932,76.275571
"Aditya Eye Hospital, Ernakulam",Hospital,10.0340046,76.3331406
St. Thomas Hospital,Hospital,10.1864757,76.499345
Shajy Hospital,Hospital,10.1471931,76.2309853
Evershine Hospital,Hospital,10.0192427,76.3045053
"Ahalia Foundation Eye Hospital, Muvattupuzha",Hospital,9.9896838,76.5726739
കരുണ ആശുപത്രി,Hospital,9.9898553,76.5773519
Naivedya Ayurvedic Hospital and Research Centre,Hospital,9.9809006,76.313999
Alpha ENT Head and Neck Hospital,Hospital,10.0032624,76.2953791
Ayurvaid Hospital,Hospital,9.9634535,76.3010952
"Vimala Hospital, Ernakulam",Hospital,10.144605,76.4246723
Govt ayurveda hospital,Hospital,10.1366398,76.2322152
Ayyamppilly Government Hospital,Hospital,10.1209511,76.1990261
DDC,Hospital,9.9417653,76.3469619
St Thomas Clinic,Hospital,9.9000429,76.3965886
Mulanthuruthy Government Homoeo Dispensary,Hospital,9.9011502,76.3874512
MMC Hospital,Hospital,9.9010103,76.3843557
Chettiyamkunnel Homeo Home,Hospital,9.8730194,76.4850303
Veterinary Hospital,Hospital,9.8882827,76.5500144
"Familyy Health Centre, Thirumarady",Hospital,9.8885997,76.5510551
Amrutanjan Health Care Limited,Hospital,9.938384,76.3301431
Goverment Ayurveda Hospital Maradu,Hospital,9.9350137,76.3273095
c a hospital,Hospital,10.1291763,76.34441
Nature Life Hospital,Hospital,9.9544308,76.3276624
Jeevaniyam,Hospital,9.9883939,76.3091576
Jacob Hospital,Hospital,10.0495861,76.3173511
Rishi Ayurveda Hospital,Hospital,10.1038825,76.3502904
"dental college,thankalam",Hospital,10.0734498,76.6045268
Mar Baselios College Of Nursing,Hospital,10.0727802,76.6017423
Holycross Hospital,Hospital,10.02605,76.4487527
Government Ayurveda Hospital,Hospital,9.8631711,76.5088789
Appachy Vaidyans Ayurveda Hospital,Hospital,9.8298065,76.5462956
Govt. Homeo Dispensary,Hospital,9.8339194,76.519195
Primary Health Centre Pindimana,Hospital,10.1058976,76.6248141
skin and child clinic,Hospital,9.9233882,76.3901726
MCS Hospital,Hospital,9.9923266,76.5880031
primary health centre,Hospital,10.0982562,76.2058893
Kottakal Arya Vaidya Sala,Hospital,9.9333953,76.3879899
നെടുംചാലിൽ ട്രസ്റ്റ് ആശുപത്രി,Hospital,9.9887939,76.577658
V.M Hosiptal,Hospital,9.9966363,76.5958762
Government Hospital,Hospital,9.840361,76.4157952
Government Homoeo Hospital Muvattupuzha,Hospital,9.9881453,76.5808379
"Goverment Homeo Hospital, Kadalikkad",Hospital,9.9252626,76.6726718
Roshan Eye Care,Hospital,9.9517542,76.3458182
"Co-operative hospital,Koothattukulam",Hospital,9.8616687,76.5964085
St Mary's Hospital,Hospital,10.0076118,76.6802414
Llh Hospital,Hospital,10.0059162,76.7101526
"Thejus Ayurveda, Angamaly",Hospital,10.1786444,76.378584
KB Hospital,Hospital,10.1590075,76.3562037
Marian Hospital,Hospital,10.161893,76.3692349
"Primary Health Centre,Kanjoor",Hospital,10.1386844,76.4309998
Dr George's Homoeopathy,Hospital,10.2112648,76.3851431
Government Ayurveda Dispensary,Hospital,10.1428674,76.3085503
cimar mom's hospital,Hospital,10.0512687,76.2962954
cimar infertility hospital cheranalloor,Hospital,10.0517171,76.2968834
Bethseda mental health care center,Hospital,10.0837011,76.4660951
Government Hospital Chengamanad,Hospital,10.154961,76.3355533
Namasthe ayurvedic treatment,Hospital,10.1689749,76.3502474
mar baselios medical mission hospital,Hospital,10.0645781,76.6223951
St. Joseph's Hospital,Hospital,10.206019,76.319885
Rural Medical Mission Hospital,Hospital,10.1254188,76.3324083
Ayurguham Ayurvendha Hospital,Hospital,10.0806662,76.6193506
Janatha Hospital,Hospital,10.10672,76.350308
Kalarickal Ayurveda Hospital,Hospital,10.0685904,76.6212908
Government Homeo Hospital,Hospital,10.0029555,76.4582398
Nangelil Hospital,Hospital,10.115837,76.480546
NIMS Hospital,Hospital,10.0758077,76.5925286
Life Line Hospital,Hospital,10.0003954,76.709916
Ideal Mind Care Hospital,Hospital,10.0888995,76.4682171
Payattuthara Hospital,Hospital,10.0172719,76.4283668
Ayurgrace Ayurveda Hospital,Hospital,10.110355,76.480951
Tvj Eye Hospital,Hospital,10.068056,76.613934
Vempilly Ayurveda Hospital,Hospital,9.9449021,76.6955656
Life Care Hospital,Hospital,10.0280343,76.590152
Samwarthika Ayurveda Hospital,Hospital,9.9707114,76.5857635
Nirmala Medical Mission Hospital,Hospital,10.0037817,76.3976039
Badriya Holistic Hospital,Hospital,10.1123147,76.4611705
Kottakkal Hospital,Hospital,10.0638222,76.6208543
Sanjeevanam Ayurveda Hospital,Hospital,10.027905,76.388979
Lotus Eye Hospital,Hospital,9.9674326,76.3012127
Vathakat Orthopaedic Hospital,Hospital,9.986819,76.285434
Dr. Elzas Ayurveda Hospital,Hospital,9.965001,76.241904
B & B Memorial Hospital,Hospital,10.033897,76.3294623
Evershine Hospital,Hospital,10.0196125,76.3046442
Cortina Hospital,Hospital,9.827676,76.271747
Sentrum Hospital,Hospital,9.862033,76.594933
"Urban Primary Health Centre, Chalikkavattom",Hospital,9.9824178,76.3241707
Vypeen Hospital,Hospital,9.9997548,76.2350221
Dr. Hassan Ayurveda Brain and Spine Super Speciality Hospital,Hospital,9.978757,76.286691
Alife Ayurvedam,Hospital,10.0146072,76.2933848
Futureace Hospital,Hospital,10.0320122,76.304213
Appolo,Hospital,10.0632087,76.3187175
Ahalia Foundation Eye Hospital,Hospital,9.9932055,76.3146743
Focus Eye Hospital,Hospital,9.9689594,76.2932547
Navabharath Medical Hospital,Hospital,10.171629,76.178222
Santhigiri Ayurveda & Siddha Hospital,Hospital,9.9730963,76.2860427
St. Joseph's Hospital,Hospital,9.874805,76.265615
Palluruthy Government Hospital,Hospital,9.9172926,76.2792219
Metro Mind - Psychiatric Hospital,Hospital,10.054538,76.319607
Medall Healthcare,Hospital,9.9651653,76.3156016
Arc Fertility Hospitals,Hospital,10.0090884,76.3034525
Government Homeo dispensary Puthenvelikkara,Hospital,10.1730039,76.2755433
Sparsam Hospital,Hospital,10.2000693,76.5040551
Njarakkal Govt. Homoeo Dispensary,Hospital,10.0438538,76.217612
Government Homoeo Model Dispensary Edakochi,Hospital,9.9062493,76.2950036
Govt Homoeo Dispensary Okkal,Hospital,10.1549387,76.4438004
Government Homoeo Dispensary Kunnukara,Hospital,10.1561093,76.2948487
GOVERNMENT HOMOEO DISPENSARY CHITTATTUKARA,Hospital,10.1507992,76.2106834
Government Homoeo dispensary Nedumbassery,Hospital,10.1622239,76.3689623
Government Homoeo dispensary Nedumbassery,Hospital,10.1621967,76.3689857
govt homoeo dispensary vengola,Hospital,10.0953279,76.449084
Maria Hospital,Hospital,10.1126055,76.5160764
chambakkara primary health centre,Hospital,9.9542828,76.3289044
Ayur Vaidyanath,Hospital,10.0238379,76.3412942
Homeopathic Hospital,Hospital,9.9690891,76.4232657
clinic,Hospital,9.9827432,76.606085
mgm,Hospital,10.0283141,76.6584319
"Govt ayurvedic hospital,Kottappady",Hospital,10.1157989,76.5851063
Mitra Homoeopathy,Hospital,10.0435109,76.3232099
"Community Health Center, Ezhikkara",Hospital,10.095292,76.2342403
"Primary Health Center, Eloor",Hospital,10.0832761,76.2895024
Lifecare Hospital,Hospital,10.0323661,76.5846648
Primary Health Centre Kunnukara,Hospital,10.1566301,76.2989421
Family Health Centre Eroor,Hospital,9.9784164,76.3340708
Ayurveda hospital varapuzha,Hospital,10.0751413,76.2708801
Ayurvedha Dispensary,Hospital,10.1125591,76.2293049
Thripunithura Ramavarma Palace Dispensary,Hospital,9.9336989,76.3532833
Family Health Centre Chowara,Hospital,10.1362873,76.4036224
Primary Health Centre Palakuzha,Hospital,9.893069,76.4324751
Primary Health Centre Nedumbassery,Hospital,10.1621116,76.3783499
Family Health Centre Alangad,Hospital,10.1099055,76.2780318
Primary Health Centre Thrikakkara,Hospital,10.0222321,76.3166833
Primary Health Centre Manjalloor,Hospital,9.9423458,76.6674579
Cochin Cancer Research Centre,Hospital,10.0534587,76.3543132
"Community Health Centre, Varapuzha",Hospital,10.0566983,76.3018712
"Primary Health Centre, Mookkannor",Hospital,10.2395353,76.420921
"Primary Health Centre, Parakkadavu",Hospital,10.1950478,76.3476571
Primary Health Centre Pothanicad,Hospital,10.0118264,76.6859561
"Community Health Centre, Vengola",Hospital,10.0814849,76.4614122
Community health Centre Pallarimangalam,Hospital,10.0362757,76.6868871
Community Health Centre Varapetty,Hospital,10.0489598,76.6263478
Karunnya Pharmacy,Hospital,10.1155687,76.4815794
"Mahatma Gandhi Memorial Hospital & Lab, Kavalangad",Hospital,10.05244,76.7037076
Homeo dispensery,Hospital,10.1422509,76.3655286
Government Dispensary High Court Ernakulam,Hospital,10.0061874,76.2849195
Community Health Centre Pallipuram,Hospital,10.1677492,76.1861586
Family Health centre  Chittattukara,Hospital,10.1886944,76.2125866
Dona s homeopathiclinic,Hospital,9.8923814,76.4624717
Sub Center Kovikathumkadavu,Hospital,10.1623196,76.1872162
"East Block, Medical Trust Hospital",Hospital,9.9642981,76.288373
Ahalia Eye Hospital,Hospital,9.9933803,76.3144506
Nayarambalam Primary Health Center,Hospital,10.0572971,76.2181225
Susrutha Eye Hospital,Hospital,10.0558672,76.2151066
ESI Dispensary,Hospital,10.0479327,76.2202664
Community Health Centre Malayidamthuruthu,Hospital,10.0669091,76.410449
Community Health Centre Vengoor,Hospital,10.1412957,76.5494889
Jacobs Hospital,Hospital,9.9364863,76.2555454
C H C,Hospital,9.977367,76.4270432
Government Ayurveda Hospital,Hospital,10.1866522,76.4806448
Lakshmi Homeo Clinic,Hospital,10.1143369,76.3330517
Palliative care,Hospital,10.0189607,76.6275365
Sree Krishna Medicals,Hospital,10.1148171,76.3302021
KKJ Hospital pulikkikunnu,Hospital,9.8454385,76.5253738
Mattancherry Government Hospital,Hospital,9.9597832,76.2598371
Homeo Hospital,Hospital,10.1028148,76.2501271
K. Sreedharan Vaithyan Ayurveda Clinic,Hospital,10.1428947,76.4345071
St Joseph Hospital Manjummel,Hospital,10.0602094,76.3013527
"Primary Health Centre, Kadayirippu",Hospital,10.0041894,76.4565847
"SRS Eye Hospital,Bappuji Junction",Hospital,9.8542413,76.5934267
"Community Health Centre,Mangalathuthazham",Hospital,9.8587378,76.6031446
"Urban Primary Health Centre, Kuthapady",Hospital,9.9835441,76.3139575
"Urban Primary Health Centre, Ponnurunni",Hospital,9.979997,76.320338
"Urban Primary Health Centre, Kaloor",Hospital,9.9935425,76.2883583
"Urban Primary Health Centre, Kennadimukku",Hospital,10.0196448,76.3169704
"Urban primary Health Centre, Thammanam",Hospital,9.989758,76.3065874
"Urban Primary Health Cenre, Pandikudy",Hospital,9.9509907,76.2494468
"Urban Primary Health Centre, Chambakkara",Hospital,9.954131,76.3287701
"Urban Primary Health Centre, Moolamkuzhi",Hospital,9.9360022,76.2549759
"Government Medical College, Ernakulam",Hospital,10.0527471,76.3553898
"Urban Primary Health Centre, Mangattumukku",Hospital,9.9538492,76.2547957
Taluk Hospital,Hospital,10.1962148,76.3871471
Taluk Hospital Subcentre,Hospital,10.1821376,76.370421
Taluk Hospital Subcentre Champannoor,Hospital,10.1877599,76.3684411
Airport hospital,Hospital,10.159737,76.3879138
Newline,Hospital,9.8477655,76.4099553
Mattamana Hospital,Hospital,10.112682,76.5180771
Amrutha Ayurveda Hospital,Hospital,9.9465204,76.3462484
Ayush Health Care Center,Hospital,10.0488197,76.6140926
"Urban Primary Health Centre, Vattekunnam",Hospital,10.0402557,76.3105798
"Community Health Centre, Koothattukulam",Hospital,9.8643508,76.5962708
granth,Hospital,10.063749,76.2464597
Govt homeo dispensary,Hospital,10.0009723,76.2447972
Primary health centre vallarpadam,Hospital,10.0007893,76.245324
ESI Dispensary Angamaly,Hospital,10.1909855,76.3883808
AMJ Hospital,Hospital,9.9294302,76.2702904
"Primary Health Centre, Thammanam",Hospital,9.9896091,76.3067297
Cochin Corporation Homeo Dispensery,Hospital,9.9807774,76.3201955
Family health centre,Hospital,10.1033088,76.3900272
Public Health Centre,Hospital,9.9090061,76.5198065
Community Health center Ramamangalm,Hospital,9.9235373,76.52386
St Johns Hospital,Hospital,9.9195789,76.5215966
Government Hospital Child Vaccination Centre,Hospital,10.2028032,76.4227902
Renai Medicity,Hospital,10.0079415,76.3035506
Doctor Peter's Clinic,Hospital,9.962874,76.3566938
Dr. Tony Fernandez Eye Hospital,Hospital,10.1081984,76.3543799
"Oncology, Renal & Ophthalmology Block, Medical Trust Hospital",Hospital,9.9643974,76.2885344
Urban Community Health Centre,Hospital,9.9292264,76.3017447
Skinsecrets,Hospital,10.0169457,76.303057
Public Parking Ground,Hospital,10.0878142,76.390581
Flora Medicare & Dental Implant Center,Hospital,10.1496227,76.2382467
Lisie Cancer Centre,Hospital,9.9891832,76.2886971
25th Hour Clinic,Hospital,9.9455961,76.3485135
VPS Lakeshore Hospital,Hospital,9.91906495201733,76.31912363490632
"Amrita Hospital, Kochi",Hospital,10.03286916286996,76.2924328136433
Malankara Orthodox Syrian Church Medical College,Hospital,9.98308376493713,76.47530408351446
Government Medical College Ernakulam,Hospital,10.05327609362591,76.35603513679
Sangeetha Nursing Home,Hospital,9.957365225367036,76.25081838649162
MOSC Rural Health Training Centre,Hospital,10.009772896647869,76.52371257288037
Little Flower Hospital And Research Centre,Hospital,10.19090198958325,76.3897127843474
Lourdes Hospital,Hospital,10.00667708861934,76.27739447398294
Lisie Hospital,Hospital,9.988048860400031,76.28813773770565
Sreedhareeyam Ayurvedic Eye Hospital and Research Centre,Hospital,9.85989608236601,76.58452264877963
Samaritan Hospital,Hospital,10.043933396754008,76.39676198797866
ESIC Hospital,Hospital,10.07789099571588,76.3177076926514
P V S Memorial Hospital Ltd,Hospital,9.993454033915274,76.29133155455537
St George Hospital Vazhakulam hospital ground,Hospital,9.94437329511122,76.63870600928398
"Taluk Headquarters Hospital, North Paravur",Hospital,10.149592392528929,76.23261796574738
Nirmala Medical Centre,Hospital,9.982212156940744,76.58491328424657
"Women and Children Hospital, Mattancherry",Hospital,9.959362883281807,76.25995491551537
Kochi Port Trust Hospital,Hospital,9.960755460226007,76.26959621947653
Community Haelth Centre Narakkal,Hospital,10.043532373924425,76.22348838634535
Lakshmi hospital,Hospital,10.105052355639598,76.35812518770464
Karothukuzhi Hospital,Hospital,10.105282593680178,76.35095952623145
Donbosco Hospital,Hospital,10.146424646583618,76.22675025958509
KMK hospital,Hospital,10.1450309183301,76.22738270044375
Aster Medcity,Hospital,10.043611658192074,76.2776898961851
AIMS B Block,Hospital,10.032845130748788,76.2918692693372
Government  Ayurveda Hospital  Aluva,Hospital,10.123849333077285,76.34765738686649
Madona Hospital,Hospital,10.187940057703624,76.38208306356088
Childrens Hospital,Hospital,10.188514018948863,76.38783844821751
"Primary Health Centre, Mudakuzha",Hospital,10.141966525681154,76.50999328746303
"Primary Health Centre, Malayattor",Hospital,10.20436519636398,76.52790078384251
Community Health centre Vengoor,Hospital,10.149390399999998,76.54201085
KPM Eye Hospital,Hospital,9.971842008197113,76.2840684243926
Nettoor Medical Centre Homeo Clinic pvt,Hospital,9.924305999939351,76.31233741664352
GIMS Multi Speciality Hospita,Hospital,10.14558259927102,76.49093033637358
Family Health centre Udayamperoor,Hospital,9.90008574946769,76.36238179984036
"Primary Health Centre, kandakkadavu",Hospital,9.863030242483436,76.26836857686712
Primary Health Centre Panangad,Hospital,9.903338109390782,76.31826152069573
Biju's Ayurvedha Hospital,Hospital,10.03633648585239,76.40945548834789
Nirmalam Siddha and Ayurveda Clinic,Hospital,10.11397245433445,76.42896806688907
Thaqdees Hospital Limited,Hospital,10.070684874583614,76.39717297344104
INHS Sanjivani Hospital,Hospital,9.947030893522452,76.28251313532687
Welcare Hospital,Hospital,9.968006281513562,76.31546909443539
Rajagiri Hospital,Hospital,10.087779979245562,76.38817895932478
"ESI Dispensary , Fort Kochi",Hospital,9.957249679416568,76.24014912267405
Medical Trust Hospital,Hospital,10.115271530571782,76.20055740512892
Vijaya Kumara Menon Hospital,Hospital,9.95274315908642,76.34069391671085
Taluk Hospital Angamali,Hospital,10.196267444774628,76.38714336588124
Sarada Hospital,Hospital,10.068895100855274,76.2119855906831
Medical Trust Hospital,Hospital,9.964818176192855,76.28738313226124
Vasan Eye Care Hospital,Hospital,9.954709201946224,76.29286627186768
Chaithanya ENT Hospital,Hospital,9.96642268423265,76.29689928035661
Taluk Headquarters Hospital Kothamangalam,Hospital,10.066416293895436,76.6181354568304
Kristu Jayanti Hospital,Hospital,10.037205978118978,76.22495774769321
General Hospital Ernakulam,Hospital,9.972025238018512,76.28102540644551
Indira Gandhi Co-operative Hospital,Hospital,9.968767425777504,76.29861710523147
ESI Hospital,Hospital,9.99408453971544,76.28540522770797
Saraf Hospital,Hospital,9.96156038379504,76.2877823130814
Lakshmi Hospital,Hospital,9.966405246706769,76.28369007052532
Krishna Hospital,Hospital,9.975066162551524,76.28522404894362
"Primary Health Centre 24*7, Thuravoor",Hospital,10.203151739308735,76.42254380638073
Lakhmi Hospital Parking Ground,Hospital,10.105734447692766,76.35861186581384
Taluk Hospital Njarackal,Hospital,10.042344508755487,76.22260174434821
Madathil Ayurveda Hospital & Pain Management Clinic,Hospital,9.871670008741589,76.4903888289269
Family Health Centre Kottapady,Hospital,10.116733057962303,76.58758072446368
Vimala Hospital Kanjoor,Hospital,10.144412021018288,76.42470028920603
"Family Health Center,Vazhakulam",Hospital,10.113522249231607,76.41928676792546
Veterinary Hospital Piravom,Hospital,9.879038269852998,76.49554322642636
Mar Gregorious Dental College,Hospital,10.10310441621941,76.64461258623894
Ayurvedic Hospital,Hospital,10.126936652095434,76.47215212293912
Govt. Homeo Dispensary,Hospital,9.966260725453669,76.34673814624908
community health centre keechery,Hospital,9.840402807274756,76.41578945249717
Government hospital kadayiruppu,Hospital,10.004170806720271,76.45643789683689
"Goverment Homeo Hospital, Kadalikkad",Hospital,9.92525756638611,76.67266074118263
mcs,Hospital,9.9946858632616,76.58771917765681
Taluk Hospital Puthenvelikkara,Hospital,10.185224088181094,76.24596030395088
Holy Family Hospital And Dental Clinic,Hospital,10.16265395987618,76.43419342024733
Ayurvedic hospital Varappetty,Hospital,10.013649925262728,76.62611467971566
"Urban Primary Health Centre, Edakochi",Hospital,9.909002686965517,76.29464504777216
Government Homoeo Model Dispensary Edakochi,Hospital,9.906263804949598,76.29498059912731
Community Health Centre Pampakuda,Hospital,9.909041694246165,76.52000574023445
Govt.Community Health Center Kumbalanghi,Hospital,9.88049832845448,76.28700170705018
Community Health Centre Pallarimangalam,Hospital,10.028376726543735,76.68952387926606
"Primary Health Center, Poothrikka",Hospital,9.95447732245276,76.45101389043208
Samaritan heart institute,Hospital,10.043816130455378,76.39753568988043
Samaritan hospital,Hospital,10.043886081404262,76.39684421097313
"Primary Health Centre, Kadungalloor",Hospital,10.106139860108938,76.32205333986212
"Community Health Center,Edappally",Hospital,10.017764663691397,76.30271327974128
Shreyas Hospital,Hospital,10.090942903085104,76.20813315048825
James Eye Hospital,Hospital,10.0596259746706,76.6431235939827
ESI Dispensary,Hospital,10.115677889018125,76.47061012117072
"Family Health Centre, Karumaloor",Hospital,10.13055789330352,76.29266982216224
District TB Centre Karuvelipady,Hospital,9.941934099999996,76.2602654
The Salvation Army EB Hospital,Hospital,9.963034073036916,76.40916318486522
"St. John's hospital, South Paravoor",Hospital,9.87096871781269,76.3804506674982
Kims Hospital And Surgical Center,Hospital,10.041026786999751,76.3196509527306
"Govt Primary Health Centre, Puthuvype",Hospital,9.998042518972088,76.22177477575065
"Govt. Community Health Centre, Malipuram",Hospital,10.018966885580555,76.22502371401299
CA Hospital,Hospital,10.128985987615556,76.34453876471605
"Primary Health Centre, Okkal",Hospital,10.165483278085844,76.4666967314402
Taluk Hospital Palluruthy,Hospital,9.911404964280246,76.27373898634876
Primary Health Centre Elanji,Hospital,9.829635799466688,76.54462995891912
"Primary Health Centre, Pallisery",Hospital,10.274519227752483,76.41281705820725
Taluk Headquarters Hospital Tripunithura,Hospital,9.94247771096718,76.34629268401605
"Primary Health Centre, Pattimattom",Hospital,10.023957887212564,76.44475734418705
"Family Health Center, Paipra",Hospital,10.033433091462916,76.55095186501123
Nayarambalam Government Homoeo Dispensary,Hospital,10.0713226,76.2229224
"St: George Hospital, Muvattupuzha",Hospital,9.98069149375551,76.57973206517707
Government General Hospital,Hospital,9.97902489595808,76.58002972916816
Ambalamugal Medical Aid Society (AMAS),Hospital,9.974116621685676,76.38166609756892
Government Ayurveda Hospital,Hospital,9.943784762708733,76.34907311732596
"Government Ayurvedic Hospital, Cheruvattoor",Hospital,10.056710573593536,76.57352884949209
MAGJ Hospital Ground,Hospital,10.220815990875368,76.41355283371944
Roshan Eye Care,Hospital,9.951749902041708,76.34577757473636
"A P Varkey Memorial Mission  Hospital, Arakunnam",Hospital,9.885932119975108,76.4471165851519
"Govt. Ayurveda Hospital , Pallipuram",Hospital,10.162638930160528,76.18750721289031
"Family Health Centre, Maneed",Hospital,9.904584245257368,76.4575259125037
Saint Mary's Hospital,Hospital,10.007566626747606,76.68030968574665
"Primary Health Centre,Pothanicad",Hospital,10.003701484032725,76.68778132066495
Taluk Headquarters Maharajas Hospital Karuvelippad,Hospital,9.943286286368869,76.26057008263767
Taluk Headquarters Hospital Perumbavoor,Hospital,10.11598847663829,76.48138651542511
Taluk Head Quarters Hospital Fort Kochi,Hospital,9.965675891281526,76.24569050657162
District Hospital Aluva,Hospital,10.105333731034516,76.35510628391377
"Community Health Centre, Neriamangalam",Hospital,10.052462668191597,76.77266115931721
Government Hospital,Hospital,10.155657934628712,76.29516345485932
Sree Narayana Institute of Medical Sciences,Hospital,10.15697782905515,76.28227083773238
"Family Health Centre, Nayarambalam",Hospital,10.068450867072798,76.19845436205547
Varappetty CHC,Hospital,10.018934059345789,76.62750191576865
Primary Health Centre Ayyampilly,Hospital,10.126795776028546,76.19768484102363
Community Health Centre Vadavucode,Hospital,9.977480003047578,76.42698524278357
"Jmp Medical Centre, Piravom",Hospital,9.882289132886742,76.48850720241713
Divine Hospital,Hospital,10.171195748467971,76.39806503853343
Snehabhavan,Hospital,10.08638990210903,76.48071966517338
saint basil hospital valayanchirangara,Hospital,10.066978658086136,76.49385448637526
Koinonia Mission Hospital,Hospital,10.091221949614251,76.47610413964463
Family Health Centre Cheranallore,Hospital,10.0600459,76.28928025
"Family Health Centre, Kakkanad",Hospital,10.019213881417173,76.35006423695299
Primary Health Centre Choornikkara,Hospital,10.096215183755218,76.35257552888248
Pius Gardens Hospital,Hospital,10.10207224317199,76.60756207563688
Well care Orthopaedic specialty and general hospital,Hospital,10.100006679360831,76.65208518917471
M.V. Joseph Memorial Hospital,Hospital,10.111215976689358,76.48155879301969
DDIC Diagonostics,Hospital,10.115382559142308,76.48166152180882
Vathiyath parking area,Hospital,10.110159987809627,76.47555790721228
S H Hospital Dharmagiri Arakkuzha,Hospital,9.928604151628612,76.60435848147375
Hospital Ground Family Health Center Munambam,Hospital,10.169686137710558,76.18176426692041
"Family Health Centre, Mulavukad",Hospital,10.01207987218846,76.26046817800237
Government Veterinary Hospital Ground,Hospital,10.13024629438604,76.19682848179066
"Primary Health Centre, Arakunnam",Hospital,9.885983353568491,76.43462090214574
"Primary Health Centre, Asamannoor",Hospital,10.103909842352516,76.5668617364393
Public Health Center Edavanakkad,Hospital,10.098266814450756,76.20586377043517
Amritha Hospital Ground,Hospital,10.034537999999998,76.22032879999999
Ayurvedha Hospital Vadakkekkara,Hospital,10.176607278343818,76.19700152592904
general hospital moothakunnam,Hospital,10.188201761719675,76.20207765787636
Primary Health Center,Hospital,10.18246150845655,76.18882584742603
"Community Health Centre, Kalady",Hospital,10.168933744124656,76.43236616962255
Cochi Eye Care,Hospital,10.12417739472524,76.33377362657507
ചാരീസ് മെഡിക്കൽ മിഷൻ ആശുപത്രി,Hospital,10.007560031846175,76.56970267609302
സബൈൻ ആശുപത്രിയും ഗവേഷണ കേന്ദ്രവും,Hospital,10.014031629443798,76.56771649181796
Carmel Medical Centre Thirumuppam,Hospital,10.092089795220724,76.26533629508664
Government Vetinery Hospital Puthanvelikkara,Hospital,10.19591685,76.2515956
Government Ayurveda Hospital,Hospital,10.196581878778805,76.25198332625273
Family Health Centre Elanji,Hospital,9.829840092727547,76.5418690436988
"Primary Health Centre ,Pizhala",Hospital,10.0536497614098,76.26140642003321
"Family Health Center, Manjapra",Hospital,10.21175654621701,76.45114332936987
"Govt.Hospital, Koothattukulam",Hospital,9.86439519949815,76.59637960937974
"Paithrukam Ayurcare Panchakarma Center, Piravom",Hospital,9.876859649999998,76.4862845
Sarathy Ayurvedic clinic,Hospital,10.112676435579004,76.3558636051354
Veterinary Sub Centre,Hospital,9.917201399999998,76.31449385
PS Mission Hospital,Hospital,9.93770671636945,76.32278389227247
"Primary Health Center, Chottanikkara",Hospital,9.92017770052222,76.39325644770523
Apollo Adlux Hospital Angamaly,Hospital,10.239447761058155,76.37211179789053
Varikkoli Leprosy Hospital,Hospital,9.961659547343066,76.41057631808535
Akshaya Hospital,Hospital,9.972094590652322,76.3019456619407
Neethi Lab,Hospital,9.9349483,76.26077364999999
Dr. Tony's Super Speciality Eye Institute,Hospital,10.108078957667493,76.3541673929402
Kunhalu's Nursing Home,Hospital,9.972715102292137,76.28254405207346
Medical Trust Hospital,Hospital,9.961715223226143,76.28899200586886
Urban Primary Health Centre,Hospital,9.964924703873775,76.30834812139744
CMC Clinic,Hospital,10.052928798291411,76.38277478802242
Fort Kochi Police Station,Police,9.9673515,76.2440364
"Police Station, ET North Cusba",Police,9.9888696,76.2826992
Police Aid Post,Police,9.9866869,76.5778722
Ernakulam Rural DSP office,Police,10.1000756,76.3574874
Customs,Police,9.9691797,76.2512745
Police Aid Post,Police,10.1196694,76.3427074
highway police k-24 n paravur,Police,10.1483663,76.2310992
Office Of Circle Inspector Of Police,Police,10.1481672,76.2310425
Police Signal Control,Police,10.0616167,76.2883836
Police Aid Post,Police,10.0246127,76.3077234
Kerala Railway Police Station,Police,9.9682328,76.2912524
"Janamythri Police Station, Kadavantra",Police,9.9701748,76.2970222
Police Station,Police,10.1512194,76.3383666
Cerebtec Technologies pvt.ltd,Police,9.9960152,76.2891741
Pallipuram Police Station,Police,10.169685,76.1814648
Hill Palace Police Camp,Police,9.9536223,76.360905
Armed Reserve Police Parade Ground,Police,9.9547228,76.3610281
Fisheries Station,Police,9.9735714,76.2442749
Aluva Women Cell,Police,10.1042038,76.3566945
Kuruppampady Police Station,Police,10.1106649,76.5177301
"Police Station,Cheranalloor",Police,10.0567708,76.2876615
Ernakulam Town South Police Station,Police,9.950256,76.2926337
Office of the Commissioner of Police,Police,9.9740482,76.2795549
Police aid post,Police,10.0366732,76.3385102
Police station,Police,10.1120063,76.5181412
Police Aid Post,Police,9.9695308,76.3211645
Police Aid Post,Police,10.1083275,76.3510463
"Police Station, Tripunitura",Police,9.9419781,76.350393
"Armed Reserve Police Station, Thrippunithura",Police,9.9540785,76.3610062
"Inspector General of Police, Crime Branch Ernakulam",Police,9.9426917,76.3505582
"Police Station, Kuruppampady",Police,10.1106342,76.5184662
City Traffic Police Station (East),Police,10.0222535,76.3076516
"Police Station , Elamakkara",Police,10.0120082,76.2904883
"Police Station, Thoppumpady",Police,9.9374813,76.2618844
puthencurz police station,Police,9.9702343,76.4361538
Police Aid Post,Police,9.9494223,76.2917088
ACP Office,Police,9.987113,76.2761633
"Coastal Police Station , Ernakulam",Police,9.968922173062142,76.25155403787981
"Police Station,Vadakkekara",Police,10.179344691468692,76.21021297461017
"Police Station, Mattanchery",Police,9.959684778239907,76.25947088202211
"Police Station,Njarakkal",Police,10.0392312,76.21903365
"Police Station, Mulanthuruthy",Police,9.901518616124005,76.39212483082765
"Police Station,Kalady",Police,10.170845185923955,76.44714292799034
"Police Station,Thadiyittaparambu",Police,10.086879332220423,76.4298618871412
"Police Station,Perumbavoor",Police,10.11519917838437,76.47596685234356
"Police Station,Udayamperoor",Police,9.913829223531351,76.36471490502922
"Police Station,Panangad",Police,9.908078281002815,76.3166050280137
Hill Palace Police Station,Police,9.91847155,76.31549684999999
Naval Police Station,Police,9.9417871156344,76.28569361999631
"Janamaithri Police Station, Kochi Harbour",Police,9.960667938770792,76.26846938005183
"Police Station, Kottappady",Police,10.118202562547149,76.58980842232087
"Police Station, Palluruthy",Police,9.927544234831146,76.27143975950268
"Police Station,Kothamangalam ",Police,10.064556478905605,76.62548733118682
Poilice Quarters,Police,10.049868650080398,76.7137570955434
"Police Station, Kaloorkad",Police,9.969105359129356,76.6707330925724
Pothanicad Police Station,Police,10.0042412010512,76.68369453130785
"Police Station,Pothanicad",Police,10.004356429602485,76.68385207622973
"Police Station,Ambalamedu",Police,9.989379816771889,76.39934079531496
"Janamythri Police Station, Palarivattom",Police,10.002549958213203,76.30589832038282
"Police Station,Ramamangalam",Police,9.94298706449486,76.48185008315603
"Police Station,Vazhakulam",Police,9.943017754190064,76.64042944338948
"Police Station , Puthencruz",Police,9.970255462618423,76.43614736382847
"Police Station,Kunnathunadu",Police,10.023547020871945,76.45059869908646
"Police Station,Nedumbassery",Police,10.159994386203666,76.39281659720066
"Police Station , Koothattukulam",Police,9.86217787935929,76.59538677792196
"Police Station , Piravom",Police,9.865580591930597,76.48949277706751
"Police Station,Edathala",Police,10.089746056542186,76.3943711784266
"Police Station,Kalamassery",Police,10.046250153319884,76.31706823114592
"Police Station,Binanipuram",Police,10.09613587092396,76.32076433010629
"Police Station, Kuttampuzha",Police,10.151086556388726,76.73714749166521
"Kumbalanghi,Police Station",Police,9.879133910711351,76.28808693857147
Central Police Station,Police,9.9870657,76.27618145
Traffic Police Station,Police,9.986853116457102,76.2757445076269
"Police Station, Oonnukal",Police,10.050697786231025,76.71402526886581
Njarakkal Police Station,Police,10.039226777737836,76.21902606530489
"Police Station,Angamaly",Police,10.195080694959325,76.38574343189235
"Police Station,Chengamanad",Police,10.152023758182532,76.33849892295883
"Police Station,Varapuzha",Police,10.071041869410752,76.27234447341361
"Police Station,Aluva West",Police,10.126833816436864,76.3002765492347
"Police Station,Kannamaly",Police,9.885992813447292,76.26093131995826
"Police Station,Aluva East",Police,10.102792138224808,76.35878346438426
Police Quarters,Police,9.936051704127877,76.35209061696062
"Police Station,Ayyampuzha",Police,10.251181318749328,76.47189734538652
"Police Station,North Paravur",Police,10.147777599659584,76.23114770264976
"Police Station,Munambam",Police,10.169494032706854,76.18139920482108
"Police Station,Puthenvelikkara",Police,10.18101243286164,76.24466668926813
Eloor Police Station,Police,10.074122837172895,76.3001922731269
Infopark Police Station and Cyber Crime Police Station,Police,10.006986881935076,76.36151578939777
"Janamaithri Police Station,Thrikkakara",Police,10.020811771846128,76.34535444479069
"Police Station,Mulavukad",Police,10.014197386915534,76.25625140086571
Maradu Police Station,Police,9.936508301347722,76.32822861367077
Central Police Station,Police,9.9870509,76.2759135
"Police Station, Muvattupuzha",Police,9.980540407992534,76.58188209939685
"Traffic Police Station, Perumbavoor",Police,10.117886175670243,76.48056224417606
"Police Station,Chottanikkara",Police,9.932620443197754,76.3906757732975
Fire and Rescue Station Vallarpadam,Fire,10.0695041,76.3136407
Fire and Rescue Station,Fire,9.9691402,76.2848326
"Fire Station, North Paravur",Fire,10.1517378,76.2420256
Kerala fire and rescue station,Fire,10.1782505,76.3741099
"Fire Station, North Paravur",Fire,10.1492169,76.234507
"Fire and rescue station ,Tripunithra",Fire,9.9358139,76.3520539
Fire Station,Fire,10.0721672,76.317397
CIAL Fire Station,Fire,10.15571251677436,76.40318287983578
Fire and Rescue Station Angamaly,Fire,10.179423262637,76.37851844480385
"Fire and Rescue Station, Perumbavoor",Fire,10.117285273271728,76.49335221211486
District Fire & Rescue Station,Fire,9.9742807,76.29555785000001
"Fire and Rescue Station, Mattancherry",Fire,9.958849173095944,76.25769833837785
"Fire and Rescue Station, Tripunithura",Fire,9.935838350212798,76.35213594882612
Fire and Rescue Station Aluva,Fire,10.107517,76.3509077
"Fire and Rescue Station, Kalloorkad",Fire,9.96490433018137,76.67110377572367
"Fire & Rescue Station, Mulanthuruthy",Fire,9.912267873986334,76.40680435585492
"Fire and Rescue Station, Paravur",Fire,10.151729216866984,76.24201662412129
"Fire and Rescue Station, Thrikkakara",Fire,10.01948973244234,76.33411721205239
Fire and Rescue Station Muvattupuzha,Fire,9.989475988765564,76.58478417169285
"Fire and Rescue Station,Koothatukulam",Fire,9.864158374154732,76.5916138298723
"Fire Station,Piravom",Fire,9.871810895898674,76.48974147104204
Regional Institute of Ophthalmology,Hospital,8.4998439,76.9410501
Dr Govindans Hospital,Hospital,8.4986554,76.9431315
RIMS,Hospital,8.6018701,76.992477
B.N.V. Hospital,Hospital,8.4417835,76.9572485
"Cosmopolitan Hospital, Pattom",Hospital,8.5157434,76.9358086
"Chaithanya Eye Hospital and Research Institute, Karamana",Hospital,8.4848714,76.9721732
PRS Hospital,Hospital,8.4811163,76.9592286
Government Hospital Peroorkada,Hospital,8.5352501,76.9674372
University Health Center,Hospital,8.5626415,76.884154
Regional Cancer Centre,Hospital,8.5206614,76.9245217
CSI MIssion Hospital,Hospital,8.5746272,76.8685923
Government District Hospital,Hospital,8.603885,77.0007731
Cocoland Panchakarma Centre,Hospital,8.3871291,76.9784957
Dhanvantari,Hospital,8.388934,76.9788445
Immunisation Clinic,Hospital,8.5238688,76.9249893
"Medical College, Thiruvananthapuram",Hospital,8.5209794,76.9226146
Arsha Ayurvedic Hospital,Hospital,8.4204428,76.9727202
Navajeevan Naturopathy,Hospital,8.5282962,76.9412903
Pets Clinic Enchakkal,Hospital,8.4787343,76.9373026
Elikkunnam Mugal,Hospital,8.8239748,76.8094399
Merry Land,Hospital,8.3888369,76.9783443
Oliva,Hospital,8.3853064,76.9802607
Casuality,Hospital,8.523588,76.9281025
Government Eye Hospital,Hospital,8.4990262,76.9601725
Sivagiri Sree Narayana Medical Mission Hospital,Hospital,8.7295836,76.7335922
Medical College OP,Hospital,8.5699592,76.8722107
Dental College OP Block,Hospital,8.5224562,76.9291783
saji hospital,Hospital,8.5597929,76.8741626
Amar Maternity & Fertility Centre,Hospital,8.7000589,76.8145453
"Ahalia Foundation Eye Hospital, Ulloor",Hospital,8.5294469,76.9311827
Taluk Head Quarter Hospital Blood Bank,Hospital,8.6609709,76.7866699
Ponnambalam Child Care Hospital,Hospital,8.3936954,77.0891064
Iris Eye Hospital,Hospital,8.5002523,76.9503021
Medical Trust Hospital And Maternity Home,Hospital,8.4270521,77.0436389
S.R.Hospital and Surgical Centre,Hospital,8.4499901,76.9508996
Sarala Memorial Hospital,Hospital,8.7668272,76.8766366
Karunya Hospital and Diabetic Centre,Hospital,8.6208165,76.8939061
Attikal Devi Institute Of Medical Sciences Ltd,Hospital,8.4685083,76.9551844
KTCT Hospital,Hospital,8.7349955,76.8090235
"Vasan Eye Care Hospital, Thiruvananthapuram",Hospital,8.5170591,76.9391314
Credence Hospital Private Limited,Hospital,8.5289778,76.9312611
Santhigiri Ayurveda Hospital and Research Institute,Hospital,8.6351086,76.8977241
Divya Prabha Eye Hospital,Hospital,8.510469,76.9281267
Sree Gokulam Medical College and Research Foundation,Hospital,8.6916939,76.9140735
Rollands Hospital,Hospital,8.4101877,77.0713194
GG Hospital,Hospital,8.5158714,76.9333546
"S K Hospital, Thiruvananthapuram",Hospital,8.5055538,76.9714138
Vasudeva Vilasam Aryavaidyasala and Nursing Home,Hospital,8.4838023,76.9458067
Leela Ravi Medical Trust Hospital,Hospital,8.675931,76.9105679
Lords Hospital,Hospital,8.5074014,76.9108401
Samad Ivf Hospitals,Hospital,8.4953845,76.9368321
K.J.K. Hospital,Hospital,8.5417947,76.9392219
Pankajakasthuri Ayurveda Hospital Killi Kattakada Trivandrum,Hospital,8.5035298,77.0711906
Anithara Hospital,Hospital,8.3192807,77.0709184
Sree Chitra Tirunal Institute For Medical Science,Hospital,8.521735,76.9265002
Sri Ramakrishna Ashrama Charitable Hospital,Hospital,8.5129468,76.9744447
Gowreesha Hospital,Hospital,8.5084545,76.9381973
Sanjeevani Ayurveda Hospital and Research Institute,Hospital,8.5114202,76.928194
"Government Ayurveda College Hospital, Thiruvananthapuram",Hospital,8.4966499,76.9789414
Ruckmoni Memorial Devi Hospital,Hospital,8.442434,77.188033
Arumana Hospital,Hospital,8.4812688,76.9376032
Chakrabarti Eye Care Centre,Hospital,8.5241037,76.9367456
Meditrina Hospital,Hospital,8.5155146,76.9442242
Govt Ayurveda Hospital,Hospital,8.408622,77.0753164
Govt Homeopathy Hospital,Hospital,8.4094806,77.0743619
Trinity Hospital,Hospital,8.3853717,77.1156405
priya dental clinic,Hospital,8.5609057,76.9424948
health centre,Hospital,8.5611323,76.9435812
skincare speciality hospital,Hospital,8.5138086,76.9297406
Susrutha Ayurveda Hospital,Hospital,8.5075924,77.0856917
Mamal Hospital,Hospital,8.5064228,77.0880137
Dr.Sudheendra Ghosh Clinic,Hospital,8.5107333,76.9286812
Saraswathy Hospital City Center,Hospital,8.510858,76.9282609
Parvathy Hospital And Clinical Laboratory,Hospital,8.4878598,77.0369063
Jayanthi hopital,Hospital,8.3576147,77.0539406
Taluk Head Quarters Hospital Malayinkeezhu,Hospital,8.4832337,77.044912
"SAF Hospital, Vattappara",Hospital,8.5932512,76.9523308
Travncore Hospital,Hospital,8.5080425,77.0266299
PNM Hospital,Hospital,8.5049353,77.0749998
Family Health Center Maranalloor,Hospital,8.4676474,77.0748335
kandala co-operative hospitel,Hospital,8.4711858,77.0724766
Ayurveda Hospital Vamanapuram,Hospital,8.7227309,76.8968006
Homeo Hospital Vamanapuram,Hospital,8.7227857,76.8967419
"ESI Hospital, Peroorkada",Hospital,8.5342093,76.9672479
Siddha Hospital,Hospital,8.4075781,77.0755217
Geetha Hospital,Hospital,8.5218394,76.9780114
SM Hospitals,Hospital,8.8248532,76.8147961
"Homeo Hospital,Pezhummoodu",Hospital,8.5527741,77.0946899
G C Hospital,Hospital,8.5685815,77.10329
Homeopathic Medical College Ground,Hospital,8.4660146,76.9611973
akshaya,Hospital,8.5562875,76.9043348
Aj hospital,Hospital,8.5681389,76.8728365
Kavitha hospital,Hospital,8.6248001,76.8484342
safa hospital,Hospital,8.6261897,76.8707584
Welcare Hospital,Hospital,8.7558642,76.794224
Adithya Medicals,Hospital,8.5609315,76.9435495
Puthenthope Hospital,Hospital,8.5754733,76.8429654
Deepa Medicals,Hospital,8.4810455,76.9419305
Govt. Homeopathic Hospital,Hospital,8.4840396,76.9470334
Pankaja Kasthuri Ayurveda Medical College,Hospital,8.5033318,77.0705665
Neyyar Medicity,Hospital,8.5015783,77.0698428
Dr.Farook's Children & Women Hospital,Hospital,8.4567331,76.9502634
Military Hospital,Hospital,8.5026633,76.9820256
Babu Kuttan Skin Hospital,Hospital,8.5143303,76.9728688
"PAYIs Pet clinic - veterinary hospital (Trivandrum Pet Clinic) , Veterinary medicines and Pet Supplies",Hospital,8.5141556,76.9772201
Suchitra Medical Centre,Hospital,8.7677472,76.8769678
Saji Hospital,Hospital,8.7688315,76.8777197
Govt. Siddha Hospital,Hospital,8.6973978,76.8347885
Eye Hospital,Hospital,8.4998523,76.9477078
Bava Hospital,Hospital,8.6897074,76.8365075
Family Health Centre Thiruvallom,Hospital,8.4445168,76.9541901
Primary Health Centre Chettivilakam,Hospital,8.5465615,76.9505674
Primary Health Centre Ulloor,Hospital,8.5449031,76.9078035
Family Health Centre Mudakkal,Hospital,8.6871888,76.8657251
Primary Health Centre Chemboor,Hospital,8.4769446,77.1512305
Divya Medicals,Hospital,8.5138493,76.9273529
MVM Hospital,Hospital,8.7873485,76.7584787
Dr.Abuz Hospital and Diabetic Speciality Care Centre,Hospital,8.7682995,76.7248482
Saradha Hospital,Hospital,8.7652882,76.7242199
Family Health Centre Veeranakavu,Hospital,8.520463,77.1176871
Primary Health centre Mukkola (Vizhinjam New),Hospital,8.3860615,77.0133712
Family Health centre Mayam,Hospital,8.5234299,77.179764
Family Health centre Anad,Hospital,8.6395769,77.003322
Primary Health Centre kanjiramkulam,Hospital,8.3600092,77.0535787
Primary Health centre Nagaroor,Hospital,8.7361398,76.8493047
Family Health Centre Manickal,Hospital,8.6435061,76.9026418
Kerala Government Multi Speciality Hospital,Hospital,8.5509038,76.9612035
siddha hospital,Hospital,8.4793432,76.9338661
IRIS,Hospital,8.5300042,76.9132563
Government Family Health Centre Alamcode,Hospital,8.7379158,76.8261448
Government Homeo,Hospital,8.5392946,76.9683523
Sai Vibhoothi Eye Care,Hospital,8.4874412,76.9640348
Oasis Children's Hospital,Hospital,8.7293769,76.7350395
Ayurdhara,Hospital,8.5398649,76.9663643
Kolath Hospital,Hospital,8.5415315,76.9669004
Sivodaya Hospital,Hospital,8.5211495,76.9792649
community health center bhagavathipuram,Hospital,8.5494226,77.0403596
vetenary hospital,Hospital,8.549413,77.0277341
ayurveda dispensary,Hospital,8.5492034,77.028359
medical mission clinical lab,Hospital,8.3720889,77.0819725
Samudrika Stores,Hospital,8.5923867,76.9528454
Peroor Medical Centre,Hospital,8.5421859,76.9665624
Geethanjali Hospital,Hospital,8.3807618,77.0080507
govt Ayurveda dispensary eruvaikonam,Hospital,8.3739179,77.0751945
Mohan Clinic,Hospital,8.5299616,77.0871139
Government Hospital,Hospital,8.390114,76.9905293
Punarjani Hospital,Hospital,8.4876587,76.929193
Matha Ayurveda Eye Hospital and Panchakarma Centre,Hospital,8.5534118,76.9621593
Gandhi Smaraka Hospital and Clinical Laboratory,Hospital,8.3977836,77.0071425
Sakthi Hospital,Hospital,8.4501257,77.0094538
Sree Krishna Hospital,Hospital,8.5014272,76.9898499
SM Hospital,Hospital,8.4157213,77.019428
Sneha Hospital,Hospital,8.427352,77.0450372
Nirmala Hospital,Hospital,8.4975167,76.8976641
Sathgamaya Hospital,Hospital,8.5334818,76.9914062
M.M Hospital,Hospital,8.4604184,77.0614775
Urban Primary Health Centre Attukal,Hospital,8.476959,76.956604
Dental Hospital,Hospital,8.5378145,76.9653824
Wills Hospital,Hospital,8.3932372,76.9871484
Providence Hospital,Hospital,8.5263115,76.992383
National Hospital,Hospital,8.479994,76.948651
Parvathy Hospital,Hospital,8.4269436,77.0439252
Priya Hospital,Hospital,8.430622,77.0239881
Corolla Hospital,Hospital,8.4746446,77.0456971
Kerala Ayurveda Samajam Hospital,Hospital,8.496206,76.96072
Sinduja Hospital,Hospital,8.395288,77.0241338
Wellcare Hospital,Hospital,8.3998586,76.9797815
Dr. Giris Hospital,Hospital,8.5571655,76.921979
Archana Hospital,Hospital,8.4843121,76.9096829
Holy Cross Hospital,Hospital,8.4830876,76.9113265
India Hospital,Hospital,8.4928893,76.9513801
Urban Primary Health Centre Kalippankulam,Hospital,8.4668219,76.9503375
SJ Hospital,Hospital,8.4011202,76.980103
APN Hospital,Hospital,8.3969296,77.0249333
Pulse Medicare Hospital,Hospital,8.5684776,76.9452238
S.R Hospital,Hospital,8.5640544,76.9529328
KBM Hospital,Hospital,8.4771015,76.9480476
Gitanjali Eye and ENT Hospital,Hospital,8.501447,76.957764
Kottakkal Arya Vaidyasala,Hospital,8.734178,76.7277055
Attipra Ayurvedic Hospital,Hospital,8.5484259,76.8750165
D.M. Hospital,Hospital,8.5737844,76.9253311
Devaki Ayurveda Hospital,Hospital,8.5920126,76.8567189
Sanjeevani Ayurveda Hospital,Hospital,8.7358323,76.7099295
Kaniyapuram Hospital,Hospital,8.5886384,76.8556844
Government Ayurveda Hospital,Hospital,8.6979454,76.9322153
AR Hospital,Hospital,8.5901832,76.8528179
Ancy Hospital,Hospital,8.6784651,76.9116026
J R Hospital,Hospital,8.7339279,76.7280422
Suja Hospital,Hospital,8.5682931,76.8722962
Nisha Hospital,Hospital,8.7506481,76.9377277
Sneha Hospital,Hospital,8.7672207,76.80008
Mission Hospital,Hospital,8.6213667,76.9028928
Childrens Hospital,Hospital,8.7791314,76.7832375
Fatima Hospital,Hospital,8.552869,76.854188
Similia Homoeo Hospital,Hospital,8.7606245,76.7923712
Government Ayurveda Hospital,Hospital,8.6042535,76.9419836
Dr. Subhashini Memorial Hospital,Hospital,8.7606575,76.7919474
Oushadi Hospital,Hospital,8.7613813,76.7916948
Al Neyadi Hospital,Hospital,8.642664,76.8447556
"Stavyah Hospital, Varkala",Hospital,8.7389823,76.7432648
CHM Hospital,Hospital,8.7650869,76.7946764
Karthika Hospital,Hospital,8.652103,76.789
Devi Eye Hospital,Hospital,8.732219,76.719641
Karunya Hospital,Hospital,8.7654001,76.7937748
Olympia House Ayurveda,Hospital,8.7367398,76.7041502
Trivandrum District Ayurveda Hospital,Hospital,8.7321909,76.7315226
Government Homoeo Hospital,Hospital,8.736345,76.723906
JJS Homeo Hospital,Hospital,8.315584,77.0958926
SM Hospital,Hospital,8.439546,77.110235
Sreevinayaka Hospital,Hospital,8.4012487,77.1053583
Vasan Eye Care Hospital,Hospital,8.3960325,77.0918538
CSI Mission Hospital,Hospital,8.359565,77.0592065
Sri Kochappi Asan Memorial Ayurveda Sidha Marma Traditional Hospital,Hospital,8.3597492,77.0337851
Gayathri Hospital,Hospital,8.3196014,77.0719199
Athreya Research Center and Hospital,Hospital,8.6744122,77.0963442
VV Hospital,Hospital,8.6728306,77.0887668
SD Ayurveda Hospital,Hospital,8.3599181,77.0575709
KC Hospital,Hospital,8.3561039,77.0486895
Ponnupilla Vaidyar's Hospital,Hospital,8.3268949,77.1365192
Anupama Hospital,Hospital,8.358153,77.050249
Deya Homeo Hospital,Hospital,8.444346,77.194991
Snehadeepam Hospital,Hospital,8.437567,77.078755
SP Multi Speciality Hospital,Hospital,8.343855,77.151975
Sthira Ayurvedic Health Care Centre,Hospital,8.592158,77.036622
Dr. Chandrashekaran Memorial Hospital,Hospital,8.6418239,77.0201006
Thiraviam Hospital,Hospital,8.316052,77.094046
Brothers Hospital and Laboratory,Hospital,8.3451294,77.0360197
Jaya Hospital,Hospital,8.35909,77.051493
Devi Hospital,Hospital,8.409921,77.051814
CVC Eye Care Hospital,Hospital,8.40037,77.0875898
Govt Homoeo Dispensary,Hospital,8.495173,76.9007897
Community Health Centre Kanyakulangara,Hospital,8.6318455,76.9372484
Clinic,Hospital,8.5438855,76.8948114
ESI Dispensary,Hospital,8.4806983,76.9709153
Hospital,Hospital,8.498732,76.9974925
Military Hospital,Hospital,8.5032102,76.9826493
Pallichal Panchayat Hospital Thannivila,Hospital,8.4358278,77.0421318
Maria Nilayam Health Centre,Hospital,8.3558719,77.0197047
eye hospital,Hospital,8.5104714,76.9281271
"Primary Health Center, Vattiyoorkavu",Hospital,8.5257798,77.0062931
Chithra Hospital,Hospital,8.4227352,76.975475
Family Health Care Centre,Hospital,8.4970601,77.1104418
Government Homeo Hospital,Hospital,8.476928,77.1043834
ayurveda,Hospital,8.5375677,76.9664502
RYSA DENTAL CLINICS,Hospital,8.4814662,76.9364365
SP Fort Hospital,Hospital,8.4846735,76.9416119
Primary Health Centre,Hospital,8.7637852,76.8210423
Ayurvedha,Hospital,8.7667105,76.8095723
Primary Health Centre,Hospital,8.7673323,76.8089365
"Primary Health Centre, Pettah",Hospital,8.5171666,76.9432381
Community Health Centre Vakkom,Hospital,8.6892216,76.764216
Aradhana Hospitals,Hospital,8.4803313,76.9529639
"Raja Hospital,Tholady",Hospital,8.3983654,77.182815
KERF ENT Speciality Hospital ( Kerala ENT Research Foundation ),Hospital,8.5140107,76.9721494
Dr. Jose Kumar,Hospital,8.513482,76.9731325
Dr Felson Francis (Veterinary Doctor),Hospital,8.5140974,76.9770043
Secretariate Health Clinic Thiruvananthapuram,Hospital,8.4963125,76.9487056
Subcentre  PHC Kottukal,Hospital,8.3712119,77.0236053
Prateeksha I.R.C.A. Deaddiction Centre,Hospital,8.4837704,76.9109273
Penuel Ayurvedic Hospital,Hospital,8.4908818,76.9062411
Vettucaud Government Homoeo Dispensary,Hospital,8.4951541,76.8995924
Mom's Care Hospital,Hospital,8.3862596,77.0485458
S H Dispensary,Hospital,8.3186578,77.0674091
Family Health Centre Kunnathukal,Hospital,8.3905924,77.1611374
CHC Pulluvila,Hospital,8.3467271,77.0377856
CHC Vellarada,Hospital,8.4519775,77.196313
CHC Perumkadavila,Hospital,8.4414749,77.1110646
FHC Balaramapuram,Hospital,8.4294901,77.0478243
Family Health Centre Kattakada,Hospital,8.503223,77.0852456
Community Health Centre Iranimuttom,Hospital,8.4689299,76.9590901
Pro Care Hospital,Hospital,8.7313916,76.8975153
Karett Medical Center Pvt Ltd,Hospital,8.7308167,76.8977904
St. Johns Hospital,Hospital,8.6621101,76.9150113
KIMSHealth Medical Centre,Hospital,8.5227389,76.9505587
Mruthyunjaya Holistic Clinic,Hospital,8.5258391,76.9510655
Leela Health Care,Hospital,8.4700038,76.9807577
Skin Essentials,Hospital,8.5017715,76.9647126
Brain and Bone Hospital,Hospital,8.5086587,76.9959904
Krishnapillai Memorial Hospital,Hospital,8.5332102,77.0009789
Daleview Hospital,Hospital,8.5618102,77.0731945
PHC,Hospital,8.4158229,77.1371673
thaluk headquarters hospital chirayinkeezhu,Hospital,8.6609863,76.786308
"Veterinary Hospital,Karakonam",Hospital,8.3891387,77.1718541
Primary Health Care Avanakuzhi,Hospital,8.3892664,77.0417118
Primary Health Center,Hospital,8.4831277,77.0320103
Primery Helath Center Kanjiramkulam,Hospital,8.368921,77.0499975
Avinash Hospital,Hospital,8.3779854,77.0458059
homeo dispensary,Hospital,8.7544297,76.8938567
"Integrated Family Health Centre & Medical College Field Unit, Pangappara",Hospital,8.5579042,76.9031718
Taluk Hospital Nemom,Hospital,8.4540825,76.9999414
"Panchakarma Hospital,Old Block",Hospital,8.490562,76.9745169
Deepthi Hospital,Hospital,8.76994,76.731245
Sree nandanam ayurveda hospital,Hospital,8.7239339,76.8393702
BMC hospital,Hospital,8.5820024,76.9219692
Eye hospital,Hospital,8.6715601,76.9112985
Eye hospital,Hospital,8.6921479,76.8214289
PHARMACOLOGY DEPARTMENT Hospital,Hospital,8.3922388,77.173558
Ayurveda hospital,Hospital,8.4917413,76.9464908
Women and Children Thycadu hospital,Hospital,8.4868105,76.9568973
Taluk hospital fort,Hospital,8.4863158,76.9409209
Royale Hospital,Hospital,8.53841034805746,76.92930779124279
Santhwana Hospital,Hospital,8.53218652231591,76.95953344217205
Venad Hospital,Hospital,8.601820396544726,77.00761071527235
Mariya Nilayam Hospital PHC,Hospital,8.353688500241422,77.03050498327178
"Women and Children Hospital, Thycaud",Hospital,8.48679348468115,76.95695213815863
Government Yoga & Naturopathy  Hospital Varkala;Nature Cure Hospital,Hospital,8.73507374811042,76.705134457039
Medical College New OP Block,Hospital,8.522467788975757,76.92822507661411
"ഗവൺമെന്റ് ആയുർവേദ കോളേജ് ആശുപത്രി, തിരുവനന്തപുരം",Hospital,8.491748096232236,76.94650218083545
AyurMana | Dharma Ayurveda Centre for Advanced Healing,Hospital,8.602386736418287,76.92043485394481
Al Arif Hospital,Hospital,8.452537999408053,76.95186868949551
"Sree Avittam Thirunnal Hospital, Thiruvananthapuram",Hospital,8.522901816163841,76.92471182424694
TSC Hospital,Hospital,8.5398791686043,76.87845146512099
Kerala Institute of Medical Sciences Hospital,Hospital,8.513729945796523,76.90931306240519
Community Health Centre Poovar,Hospital,8.321768805160582,77.0652875014379
NIMS Hospital,Hospital,8.413216814895188,77.06587969422554
SUT AMS Mother and Child Hospital,Hospital,8.47470505,76.9468237
Attukal Devi institute of Medical Sciences,Hospital,8.468491891914615,76.95512135582369
Community Health Centre Kallara,Hospital,8.743677006555313,76.93925637357573
Family Health Centre Vamanapuram,Hospital,8.715405325794944,76.8986928654378
Community Health Centre Perumkadavila,Hospital,8.444331979768066,77.11008414544838
Anadiyil Hospital,Hospital,8.510227857125795,76.94251859358981
Regional Institute Of Ophthalmology,Hospital,8.49902408980397,76.94053152792677
Saraswathy Hospital,Hospital,8.34866115,77.1485261
C.H.M.M.S.I.M.C Pangappara,Hospital,8.557841449184052,76.90326709573715
Valsala Hospital,Hospital,8.50427958977403,76.95627640877481
SUT Medical College Hospital,Hospital,8.600855382621146,76.9702736176683
Family Health Centre Kollayil,Hospital,8.383886190526495,77.1336285384496
priya dental clinic,Hospital,8.560899155058152,76.94250946829385
Primary Health Centre Maranalloor,Hospital,8.467639634168835,77.07483645492101
GOVT Ayurvedic Dispensary,Hospital,8.586800839920757,76.94990616966763
Mission Hospital,Hospital,8.591158693389682,76.94972541808114
Steepha ns Dental Centre,Hospital,8.5917928,76.95046144999999
PMS Dental Collage,Hospital,8.603588926415176,76.95466667120319
"Family Health Centre, Thonnakkal",Hospital,8.656260228305579,76.86687053611834
kalpadi,Hospital,8.424118040833791,77.04709830995793
Urban Primary Health Centre Muttada,Hospital,8.533326599443143,76.95153455975347
KBVM Ayurveda Madom,Hospital,8.595238888706143,76.85517111571446
sanghi medical centre,Hospital,8.551938374883697,76.94206268190074
Taluk Hospital Vithura,Hospital,8.672951530952682,77.08330285922973
ENT,Hospital,8.660671013999858,76.78825104905509
swamiji hospital,Hospital,8.661002371907237,76.78567920727197
Homeopathic Medical College Ground,Hospital,8.465535746537343,76.96095612061355
Coastal Speciality Hospital Valiyathura,Hospital,8.46339984946479,76.92704743302728
Urban Primary Health Centre Nanthancode,Hospital,8.51574994769259,76.95297708507975
IMB Hospital,Hospital,8.557546553136572,76.91616042462738
KJK Hospital,Hospital,8.549486739146579,76.93439396173329
Taluk Head Quarters Hospital Chirayinkeezhu,Hospital,8.660989747649188,76.78630287476402
Government Taluk Hospital,Hospital,8.68618925930329,76.82813935680258
P N M Hospital Killi,Hospital,8.504995871465043,77.07491614017975
sanjose hospital,Hospital,8.502428737427493,77.07292145741437
EC High School,Hospital,8.50365013585566,76.98317289196214
Childrens Hospital,Hospital,8.45651493388628,76.95037241271186
Taluk Hospital Fort,Hospital,8.486314205817608,76.9409242471162
"Primary Health centre , Madathara",Hospital,8.815797846375093,77.01312478799504
Community Health Centre Kattakada,Hospital,8.507601950000002,77.08749580000001
"Community Health Centre, Vilappil",Hospital,8.518498942153995,77.0409016595931
"Community Health Centre, Anchuthengu",Hospital,8.662981701635585,76.7638680278381
Urban Primary Health Centre Vattiyoorkavu,Hospital,8.523887140360054,76.98805177534219
"Family Health Centre, Pozhiyoor",Hospital,8.30198984357002,77.09204372767114
Family Health Centre Thonippara,Hospital,8.78987407966487,76.69494803301671
Family  Health Centre Veli,Hospital,8.515259583424733,76.88301394921824
Family Health Centre Puthukurichy,Hospital,8.611093509665036,76.80627955431626
Mental Health Centre Peroorkada,Hospital,8.526912646624497,76.96992347368068
"Chest Diseases Hospital, Pulayanarkottah",Hospital,8.519367379026765,76.91377910152242
Government Ayurvedic Maternity Hospital Poojappura,Hospital,8.496528281152221,76.97877148674166
Women and Children Hospital Thycaud,Hospital,8.487216856138462,76.95690476016203
Govt Family Health Centre Alamcode,Hospital,8.737921867452863,76.82616851320272
Chitra hospital,Hospital,8.450336667271245,77.01080434307335
mission hospital,Hospital,8.345192498758838,77.11566645993668
District Model Hospital Peroorkada,Hospital,8.535000271511267,76.96571777320511
amerdeep eye care centre,Hospital,8.53625532255943,76.967431422813
"Abhaya Hospital, Peyad",Hospital,8.50679591520596,77.03604677548005
V J Hospital,Hospital,8.591239599999998,76.95036595
PSTM Hospital,Hospital,8.597587660342288,76.86489591301225
Karthika Hospital,Hospital,8.652122282918986,76.78903086201605
Alpha Hospital,Hospital,8.4315668759824,77.07565843803948
Sree Krishna Hospital,Hospital,8.380753654976475,76.99136058467228
primary health centre,Hospital,8.47837780714284,77.15499463268448
SR Medical College,Hospital,8.702818297677561,76.75605910869578
Family Health centre Karakulam,Hospital,8.589110550000001,76.9493777
Family Health Centre Amachal,Hospital,8.497203300000002,77.11069035000001
"Family Health Centre, Vilavoorkal",Hospital,8.4883769672277,77.01990567364524
Primary Health Centre Kalliyoor,Hospital,8.41787045654037,77.01485335276178
Community Health Centre Malayinkeezhu,Hospital,8.483299563717562,77.04496491383641
Family  Health Centre Amachal,Hospital,8.497371250286614,77.110773521985
Family Health Centre Veeranakavu,Hospital,8.520611082320123,77.11770925599151
Government Ayurvedic Hospital Kuttamala,Hospital,8.503350464159842,77.17340361202885
Vellanad Block Panchayath Community Health Centre,Hospital,8.580314954914781,77.08620007352273
Family  Health Centre Vattiyoorkavu,Hospital,8.525797372364506,77.00631448766414
Primary Health Centre Azhoor,Hospital,8.64112949152554,76.82430179151358
Family Health Centre Anakudi,Hospital,8.718265825052969,76.91561759170612
District Hospital Nedumangadu,Hospital,8.603843596096743,77.00058123026945
"Primary Health Centre, Andoorkonam",Hospital,8.602913114226784,76.87734557114773
Rohini Hospital,Hospital,8.649989512107501,77.0662549325532
Community Health Centre,Hospital,8.631746938267995,76.9373773529168
Keshavapuram Community Health Center,Hospital,8.759329190798171,76.85572193096911
"Public Health Care Centre ,Amboori",Hospital,8.523498808491869,77.17995012934499
PRS hospital,Hospital,8.466543858424936,76.96104228382463
paruthippally,Hospital,8.564124617608254,77.09161017117799
Government Animal Hospital Pallichal,Hospital,8.446171708388373,77.01602282874325
Ananthapuri Hospital,Hospital,8.486420989666843,76.926720959786
E S I Dispensary Balaramapuram,Hospital,8.431801125228636,77.02997100958238
Peringamala public Health Centre,Hospital,8.414898963896503,77.01855786486796
Prakruti Ayurvedic Clinic & Vaidyaratnam Oushadhasala,Hospital,8.449058405181942,77.0129519973186
JR Homeo Hospital,Hospital,8.644993563888638,77.05697477606184
Goverment Homeo Hospital,Hospital,8.476916563146455,77.10439444142568
Government siddha hospita lVallakkadavu,Hospital,8.479341867795132,76.93387551130759
Good Samaritian Hospital,Hospital,8.503689968349667,77.1868610662725
Brothers Medical Centre And Diagnostic Services,Hospital,8.723850585522495,77.0284281229894
Medical Mission Speciality Hospital,Hospital,8.724875012208487,77.02843393214141
"Community Health Centre,Palode",Hospital,8.715790966335458,77.02814050508663
"Popular Homoeo Clinic, Mangalaathukonam",Hospital,8.40324635147689,77.03178808575677
"Taluk Head Quarters Hospital, Parassala",Hospital,8.343629984653903,77.15116623630578
General Hospital Neyyattinkara,Hospital,8.406378163495004,77.0855255479477
Mannanthala mch unit,Hospital,8.56120102264205,76.94324636131789
FamilyHealth Centre Kulathoor,Hospital,8.327114214600178,77.10178430323992
Community Health Centre Vakkom,Hospital,8.689222679782086,76.76421276525159
Subcentre Kulamuttom,Hospital,8.708952035565375,76.76866016468571
Subcentre Kannankara,Hospital,8.717567038805848,76.78794655251048
"Community Health Centre, Manamboor",Hospital,8.732193892611509,76.79105936256101
"Office,PERUMATHURA FHC",Hospital,8.62182325,76.7972916
Family Health Centre Perumathura,Hospital,8.621804740378607,76.79735839203879
Family  Health Centre Vakkom,Hospital,8.688008901391436,76.75101608963699
Dr. Somervell Memorial CSI Medical College & Hospital,Hospital,8.391078654884065,77.17359695081404
District TB Centre Thiruvananthapuram,Hospital,8.49975874607003,76.94364200294997
primary health centre Vellayani,Hospital,8.427010586837518,76.9852562030449
Family Health Centre Vembayam,Hospital,8.617210963319183,76.93762669541621
"Family Health Centre Madavoor, Chalamkonam",Hospital,8.820458694291222,76.83210387863149
Family Health Centre Mukkola,Hospital,8.38126944506853,77.00731187087756
Family Health Centre Jagathy,Hospital,8.496936226090973,76.96452697892393
Family Health Centre Uzhamalakkal,Hospital,8.590756814399946,77.05786417305771
Family Health Centre Peringammala,Hospital,8.72917916842306,77.04623429785799
Primary health center Perumpazhuthoor,Hospital,8.373544259609849,77.08214889714695
"Community Health Centre, Pulluvila",Hospital,8.345093026630474,77.04135548480376
Urban Primary Health Centre Chalai,Hospital,8.478584387407226,76.95149355537939
"Family Health Centre ,Poozhanadu",Hospital,8.499815257845615,77.1329210598729
"Government Homoeopathic Hospital ,Mandapathinkadavu",Hospital,8.497588661204134,77.12436585157612
"Government Ayurvedi Hospital , Kalivilakam",Hospital,8.506733425951577,77.15588139747835
Primary Health Centre Karamana,Hospital,8.483089600506107,76.96942672563267
Urban Primary Health Centre Kannammoola,Hospital,8.503559491737954,76.93530363937161
Urban Primary Health Centre Mampazhakkara,Hospital,8.431828745487863,77.0976875350747
Urban Primary Health Centre Palkulangara,Hospital,8.49079095,76.93137449999999
Urban Primary Health Centre Rajaji Nagar,Hospital,8.496628720600185,76.95344862760372
Urban Primary Health Centre Thrikkannapuram,Hospital,8.484071779970789,77.00010177231722
Urban Primary Health Centre Vettukadu,Hospital,8.495028398509179,76.90084063095968
Nemom Zone,Hospital,8.455500506977357,77.00343688685278
Primary Health Centre Chappath,Hospital,8.356508971740649,77.02999967514691
Sub Centre Primary Health Care sub centre Maruthoorkonam,Hospital,8.384611795308185,77.02555606095773
Primary Health Center Mannottukonam,Hospital,8.395012525820905,77.03561031068537
Primary Health Care Payatuvila,Hospital,8.390617205153582,77.02991938399049
govt homeopathy hospital,Hospital,8.409477406387799,77.07436263308252
snehadeepam hospital,Hospital,8.437548769107005,77.07875726485584
Primary Health Centre Parangimamvila,Hospital,8.729400746459028,76.8025817179734
Srividhyaraja homeopathic dispensary,Hospital,8.464590363755763,77.06990075431055
Primary Health Centre Kandala,Hospital,8.479094421274658,77.06901375141119
"Government Ayurveda Hospital, Pothencode",Hospital,8.620889522150682,76.88993111860982
government homio hospital,Hospital,8.426654627224222,76.9960614354494
Government Veterinary Hospital,Hospital,8.426653304432058,76.9959801818839
"Railway Hospital, Trivandrum",Hospital,8.494909932075258,76.93101582902153
Pullampara Government Veterinary Hospital,Hospital,8.682358149025426,76.94267253547319
Lekshmi Ayurvedic Hospital And Panchakarma Centre,Hospital,8.53083554306723,77.12305022287164
Anupama Hospital,Hospital,8.675648759647443,76.9091237497151
Jubilee Memorial Hospital,Hospital,8.501720026687114,76.95222312887606
General Hospital Thiruvananthapuram,Hospital,8.500412262447979,76.9423797082337
TSC Hospital (Dental paediatric Care Wing),Hospital,8.540077767887862,76.87812127518444
Indian Institute of Diabetes,Hospital,8.520873696905207,76.91158432075777
government chest disease hospital,Hospital,8.520685275836026,76.91215484510745
Eye hospital,Hospital,8.671630635590953,76.9112759327371
saradha medicals,Hospital,8.540594754396304,76.98955202140418
Sadgamaya Hospital,Hospital,8.50447173907676,76.97263822383255
Pran Fertility Centre,Hospital,8.514058643802997,76.92695397588012
Infirmary,Hospital,8.629110064264292,77.03419176337816
Sree Uthradam Thirunal Hospital,Hospital,8.516739787489696,76.94092678140147
NEW MANGALA MEDICAL CENTRE (NMMC),Hospital,8.7435753158903,76.72009977378528
Sivagiri Sree Narayana Medical Mission Hospital,Hospital,8.729542367031117,76.73381333912745
Government Taluk Hospital Varkala,Hospital,8.733390004146433,76.72025615659406
"Police Station, Museum",Police,8.5093212,76.9567814
"Police Station, Karamana",Police,8.4808658,76.9686113
"Police Station,Varkala",Police,8.7342537,76.7261267
kazhakuttom Police Station,Police,8.5699892,76.8717434
Thiruvallam Police Station,Police,8.4410206,76.9596666
"Police Station, Peroorkada",Police,8.5357989,76.9671077
"Police Station, Sreekaryam",Police,8.5422637,76.9134781
Ponmudi Wireless Repeater Station,Police,8.7649869,77.1096998
Vigilance & Anti Corruption,Police,8.5119183,76.9527059
RPF Aid Post,Police,8.4857161,76.9504191
Kadakkavoor Police station,Police,8.6827522,76.7710623
"Police station,Ayiroor",Police,8.7685285,76.7295132
Police Aid Post,Police,8.7361129,76.7038815
Janamythri Police Station,Police,8.4961923,76.9785637
Police Security Office,Police,8.5197398,76.9538461
Police aid post,Police,8.5098272,76.8889062
Janamaithri Police Station Aryanad,Police,8.5799214,77.0865705
"Police station,Ponmudi",Police,8.7573835,77.1158427
"Police Station,Poovar",Police,8.3190309,77.0698771
Police Head Quarters,Police,8.5061742,76.9625917
Crime Branch Office,Police,8.481956,76.934243
Vanitha Police Station,Police,8.4958429,76.9496842
Aruvikkara police station,Police,8.5702183,77.0164517
police station,Police,8.5084687,77.0830428
"Police Station,Nagaroor",Police,8.7344263,76.8498407
"Janamaithri Police Station, Palode",Police,8.7150248,77.0290657
CBI Building,Police,8.4642201,76.9332936
CBI Building,Police,8.4643506,76.9335604
CBI Building,Police,8.4643987,76.9337358
Police Station,Police,8.7523745,76.7963482
Police Station,Police,8.6764955,76.7599792
"Police Station,Pangode",Police,8.76678,76.9642774
"Police Station, Thampanoor",Police,8.4872252,76.9546002
"Police Station, Pallickal",Police,8.8242849,76.8100312
"Police Station ,Kadakkavoor",Police,8.6821899,76.7707857
"Police Station ,Aruvikkara",Police,8.5707386,77.0170874
"Police Station ,Malayinkeezhu",Police,8.4896264,77.0402564
"Police Station,Balaramapuram",Police,8.4119831,77.0398601
"Police Station ,Kovalam",Police,8.3917059,76.976718
"Police Station, Vizhinjam",Police,8.3824593,76.9920004
"Police Station ,Kanjiramkulam",Police,8.3579086,77.0450045
"Police Station, Parassala",Police,8.3443134,77.1567275
"Police Station ,Pozhiyoor",Police,8.3032237,77.0906969
DGP Office,Police,8.5067344,76.9620902
Aid Post,Police,8.4941044,76.940563
Aid post,Police,8.5101473,76.9559939
Nedumangad Traffic Police Station,Police,8.604905350000001,77.00317125000001
Public Office Complex,Police,8.50774665204983,76.95536944159419
"Police Station, Nedumangadu",Police,8.609165037867694,77.00215172087599
A R police camp,Police,8.506058261910031,76.95434066640823
Police Station,Police,8.42519266807184,77.04536513001004
"Police Station, Kallambalam",Police,8.75241169733105,76.79697281600822
Nemom Police Station,Police,8.45435225,77.00379964999999
"Police Station, Neyyattinkara",Police,8.406651550000003,77.08665985
"Police Station,Vattappara",Police,8.59282090485324,76.95312518972777
State Crime Records Bureau,Police,8.51849881578226,76.94083312127032
"Traffic Police Station, Pattom",Police,8.518319442513913,76.94113393498232
excise,Police,8.51488509224972,76.93633431989738
District SP Office,Police,8.50798735,76.94660604999999
"Police Station, Pothencode",Police,8.618341545138657,76.89616067138745
"Police Station Trivandrum Rural, Attingal",Police,8.698212243696029,76.81541029955862
"Police Station,Mangalapuram",Police,8.623736515205362,76.84833949830224
"Police Station, Kazhakuttom",Police,8.569979604589705,76.87176607289567
Group Centre CRPF Pallipuram,Police,8.604220219893577,76.85101801435545
"Police Station,Kilimanoor",Police,8.768838845479674,76.88490949493865
Vattiyoorkavu Police Station,Police,8.52422565,76.98887584999999
Vanitha Police Station,Police,8.498361311943999,76.95000907666574
Cantonment Police Station,Police,8.498403107167821,76.94985857849356
Costal Police Station Vizhinjam,Police,8.379169836776919,76.98956341070286
"Police station, Medical College",Police,8.521341148557543,76.92930736855337
"Police Station, Pettah",Police,8.496760451924057,76.93241361998217
"Police Station,Kadinamkulam",Police,8.604290725428141,76.82065138773629
RRRF Civil Police TVM,Police,8.524300567524248,76.97008009727773
"Police Station, Kattakkada",Police,8.50845657620892,77.08302091095834
Excise office check post,Police,8.389614785446163,77.09878565949207
"Police Station,Naruvamoodu",Police,8.448654206254446,77.0345183402298
"Police Station, Mannanthala",Police,8.56371874963283,76.94839605892308
"Police Station, Vilappilshala",Police,8.521518418463685,77.03921794892436
"Police Station,Venjaramoodu",Police,8.681202788363496,76.90880672178078
"Police Station,Chirayinkeezhu",Police,8.660039900000003,76.78629270000002
"Police Station, Vithura",Police,8.668931662700007,77.08324556112323
Aryancode Police Station,Police,8.47182534411037,77.12808774923933
Malayinkeezh Police Station,Police,8.490000386546216,77.03922080907444
"Police Station,Marayamuttom",Police,8.419715810077449,77.10957180618327
"Police Station, Maranallor",Police,8.469579398201324,77.07508746710475
"Police Station, Poonthura",Police,8.447041414638761,76.94662559522983
"Police Station ,Anchuthengu",Police,8.67610148813701,76.75913744788613
"Police Station ,Valiamala",Police,8.631381873736041,77.03147444540261
"Janamaithri Police Station ,Aryanad",Police,8.580037194920553,77.0864727580023
"Police Station ,Aryancode",Police,8.471806731369188,77.12836169775727
"Police Station , Vellarada",Police,8.4451228413592,77.19537643357512
Pozhiyur Police Station,Police,8.310041557668091,77.07592477896321
Police Station Nagaroor,Police,8.734416509420164,76.84983175502485
Police Station Neyyardam,Police,8.532716278369273,77.14402216207303
Valiyathura Police Station,Police,8.482171,76.91338585
"Police Station, Vanchiyoor",Police,8.492116823092895,76.94062121416589
Fire and Rescue Station Keezhayikonam,Fire,8.7044955,76.9044895
"Fire and Rescue Station, Parassala",Fire,8.34713,77.1602842
"Fair and rescue Station, Poovar",Fire,8.3251571,77.0751749
"Fire and Rescue Station, Chackai",Fire,8.489800700000002,76.91499340000001
"Fire and Rescue Station, Chengalchoola",Fire,8.494488386674591,76.95253851745835
Fire and Rescue Station Technopark,Fire,8.559819397498984,76.87813539597212
"Fire and Rescue Station, Parassala",Fire,8.34710438773649,77.16027896541593
"Fire and Rescue Station, Poovanpara, Attingal",Fire,8.710948041183832,76.81262738709918
"Fire and Rescue Station, Vizhinjam",Fire,8.384907977560909,76.98346408586413
"Fire and Rescue Station, Neyyattinkara",Fire,8.406861017156809,77.08346435226407
"Fire and Rescue Station, Kattakkada",Fire,8.494312370630093,77.06249831695443
Fire and Rescue Station Neyyar Dam,Fire,8.524804021926874,77.13040991505297
"Fire and Rescue Station, Nedumangadu",Fire,8.615455239579234,76.98163543344316
"Fire and Rescue Station, Keezhayikkonam",Fire,8.70433301594041,76.90463872286534
"Fire and Rescue Station, Varkkala",Fire,8.733350815741586,76.72751144646134
"Fire and Rescue Station, Vithura",Fire,8.669327073122421,77.0834862919244
Fire and Rescue Station Poovar,Fire,8.325223182862967,77.07516015592209
fire station,Fire,8.406857249215124,77.08346630555648
"Government Taluk Hospital,Koyilandy",Hospital,11.4425414,75.6926043
Nandi Hospital,Hospital,11.4729282,75.6423564
Life Save Emergency Medical Services,Hospital,11.2729253,75.8366719
"Palliative Clinic, Kozhikode City",Hospital,11.2452274,75.7830434
Savitridevi Saboo Memorial Cancer Research Institute and Hospital,Hospital,11.2726826,75.8363443
Santhi Hospital,Hospital,11.362756,75.9651338
P I Hospital,Hospital,11.4197466,75.8313409
Kadalundi Ayurveda Dispensery,Hospital,11.1454113,75.8230928
M.M.Hospital Ramanattukara,Hospital,11.1710637,75.8753323
TMH,Hospital,11.1387853,75.8375018
CHC Koorachundu,Hospital,11.5376341,75.8415463
PHC Kakkayam,Hospital,11.5517361,75.8946007
Institute of Palliative Medicine,Hospital,11.2777735,75.8442104
Asten Ortho,Hospital,11.2315109,75.8515305
Amana Hospital,Hospital,11.6519431,75.7599229
Vasan Eye Care Hospital,Hospital,11.2577275,75.7915639
Primary Health Center Azhiyur,Hospital,11.6780233,75.5524417
Asoka Hospital and Nursing Home,Hospital,11.2576247,75.7808654
Koya's Hospital,Hospital,11.1874571,75.8296908
Ozone Dental Care,Hospital,11.2806915,75.7869831
Athalakkal Plaza,Hospital,11.4397878,75.6953095
Nithyananda Sidha Marmma Ayurveda Hospital,Hospital,11.440728,75.7020787
Thaluk hospital Balussery,Hospital,11.4451333,75.8361718
MVR Cancer Centre,Hospital,11.2945142,75.9468168
Kozhikode District Coop Homeo Hospital,Hospital,11.2591072,75.7843415
Nalanda Hospital,Hospital,11.4550175,75.7710766
Rajendra Hospital,Hospital,11.2653898,75.7804253
"Holy Cross Hospital, Kedencherry",Hospital,11.4299277,76.0042357
"Primary Health Centre, Kodencherry",Hospital,11.4350036,76.0076115
Mother Mary Hospital,Hospital,11.4193735,75.9344596
KIMS Trust Hospital,Hospital,11.3417513,75.8985947
"V V Hospital, Thamarassery",Hospital,11.4081995,75.9344593
Fathima Hospital,Hospital,11.2619893,75.7801231
Nucleus Health Care Multi-Speciality Hospital,Hospital,11.6865283,75.6563864
VIMS Hospital,Hospital,11.690819,75.6651671
K K Hospital,Hospital,11.4454742,75.837927
Cims Hospital,Hospital,11.3184858,75.943366
"Chavara Hospital, Thamarassery",Hospital,11.4236288,75.9324145
Sakalya Ayurveda Hospital,Hospital,11.2848706,75.7713479
Sukrutham Ayurveda Chikitsalayam,Hospital,11.235371,75.8074598
Alphonsa Hospital,Hospital,11.4005222,76.0340998
Ceeyam Hospitals (P) Ltd,Hospital,11.603637,75.5842406
Lisa Hospital,Hospital,11.3615851,76.0127158
R.M. Hospital,Hospital,11.1767422,75.80703
Dr. Manoj's ENT Super Speciality Institute and Research Centre,Hospital,11.2908611,75.775453
K.M.C. Hospital,Hospital,11.6526751,75.753711
P.V.S. Hospital (P) Ltd.,Hospital,11.2426707,75.7829089
Sreedhar's Dia Care,Hospital,11.2766822,75.7699075
Avp Ayushman Ayurveda Hospital,Hospital,11.2409035,75.786102
Al Salama Eye Hospital,Hospital,11.2575158,75.7910782
Shiba Surgery and Urology Center,Hospital,11.2669823,75.7785362
Malabar Hospital and Urology Centre,Hospital,11.2806248,75.7845528
"MCH Unit, Cheruppa",Hospital,11.2633338,75.9249727
"Ahalia Foundation Eye Hospital, Karimpanapalam",Hospital,11.5886029,75.5917338
Cradle Hospital,Hospital,11.2436715,75.8366822
KMCT Medical College Hospital,Hospital,11.3261076,75.9706199
Santhi Hospital,Hospital,11.3626369,75.9646573
Co operative hospital,Hospital,11.5897172,75.5953473
Asha hospital,Hospital,11.6046063,75.5898404
Ascent ENT Hospital,Hospital,11.2874216,75.8009501
Aswini Medical Centre Hospital,Hospital,11.2285495,75.8434697
Calicut Hospital And Nursing Home,Hospital,11.251071,75.7802596
"Urban Primary Health Centre, Kannancheri",Hospital,11.2216162,75.7965891
Malabar Eye Hospital;Seventh Day English Medium School,Hospital,11.2776933,75.7805632
gmc speciality ortho hospital,Hospital,11.2733591,75.7770454
CISCO Hospital,Hospital,11.2468977,75.7790311
"Government District Hospital,  Vadakara",Hospital,11.598591,75.5965978
oasis ayurveda eye hospital,Hospital,11.283126,75.7879289
Lisa Hospital Parking,Hospital,11.3616357,76.0126082
NHM Primary Health Centre,Hospital,11.2058403,75.8116117
Iqraa hospital,Hospital,11.2865481,75.7976934
karuna hospital,Hospital,11.1917715,75.8275821
GOVT.Medical College Hospital casuality,Hospital,11.2718695,75.8364583
MCH pathology Department,Hospital,11.2721721,75.8372511
composite regional centre for skill,Hospital,11.279716,75.8453959
Institute of Mental health and Neuro science,Hospital,11.2792319,75.8448852
Tertiary Cancer Care Center,Hospital,11.2776283,75.8419052
clinic,Hospital,11.6743827,75.6356186
"Baby Memorial Hospital, Arayidathupalam",Hospital,11.2596779,75.7920187
"Primary Health Centre, Cheruvannur Nallalam",Hospital,11.2074485,75.8189051
"Primary Health Centre, Kundayithod",Hospital,11.1945645,75.8186736
Chelannur General Hospital (Dr.Sushama),Hospital,11.3580224,75.8047037
PHC Perumanna,Hospital,11.2398188,75.8822186
Clims Hospital,Hospital,11.3184788,75.9433783
Payward,Hospital,11.2719739,75.8394406
mukam homeopathic dispensary,Hospital,11.3199965,75.968288
MVR Cancer Center,Hospital,11.294378,75.9468737
Clims Hospital,Hospital,11.3184918,75.9433517
Community Health Center Cheruvadi,Hospital,11.2639869,75.9990177
Dr.shahdi's homeopathic..,Hospital,11.2857061,75.9875657
government vetinary hospital,Hospital,11.1700512,75.8451616
Metro Hospital,Hospital,11.2452631,75.8361208
Commumity Health Centre Orkatteri,Hospital,11.654112,75.6004789
Community Health Centre Narikkuni,Hospital,11.3674232,75.8637394
medical college,Hospital,11.2724841,75.8371237
govt hospital,Hospital,11.3691535,75.8632017
nhsc hospital,Hospital,11.3174125,75.797503
Janatha Hospital,Hospital,11.603537,75.584998
Ayursparsha Ayurveda,Hospital,11.389214,75.760855
Kuttyadi Co-Operative Hospital,Hospital,11.655126,75.752952
Micro Health Care,Hospital,11.655062,75.750653
Dr. O Ali's Shade Medical Centre,Hospital,11.65555,75.753911
Naduvannur Metro Hospital,Hospital,11.4692161,75.7727744
Hiba Hospital,Hospital,11.6013961,75.7932815
Primary Health Centre Tuneri,Hospital,11.7068297,75.6323093
Koyilandy Co-operative Hospital,Hospital,11.4472921,75.6878845
Unicure Unani Hospital,Hospital,11.6585927,75.7531158
Aadhivaasi Pachamarunn Chikilsa Kendram,Hospital,11.44984,75.756538
Primary Health Centre Purameri,Hospital,11.654666,75.6972972
Cooperative Hospital,Hospital,11.651465,75.600016
Nighingale Medical Mission,Hospital,11.4869663,75.6911088
"ESI Hospital, Chemmanchery",Hospital,11.3962111,75.728493
Emjay Hospital,Hospital,11.6241113,75.6274307
Aswini Hospital,Hospital,11.457977,75.6809582
MM Hospital,Hospital,11.4441386,75.6941355
Smart Hospital & Research Centre,Hospital,11.4456196,75.7977378
Deeja Hospital,Hospital,11.5641569,75.7566071
Sahakarana Hospital,Hospital,11.651775,75.600115
Rashida Hospital,Hospital,11.7232264,75.7000056
Empees Holistic Hospital,Hospital,11.562127,75.757569
Yourcare Hospital,Hospital,11.6636919,75.6244945
Dr. Kripal's Hospital,Hospital,11.3840937,75.7337369
Purakkattiri Ayurveda Hospital,Hospital,11.3440158,75.7590809
Atholi Co-operative Hospital,Hospital,11.3864861,75.7570046
Thulasi Ayurveda Hospital,Hospital,11.4433578,75.6948022
Brothers Hospital,Hospital,11.5603626,75.7566719
Shifa Hospital,Hospital,11.1592054,75.8491923
Poonoor Hospital,Hospital,11.4341203,75.9052641
ESI Hospital,Hospital,11.1742686,75.8343327
Markaz Unani Hospital & Research Centre,Hospital,11.304959,75.869955
Royal Hospital,Hospital,11.443026,75.876999
Calicut Ayurveda Hospital,Hospital,11.3216973,75.92192
SJ Herbolife Ayurveda Siddha Hospital,Hospital,11.1755737,75.8751458
Mar Thoma Hospital Guidance Centre,Hospital,11.272555,75.822896
Esi Hospital,Hospital,11.2786838,75.7829231
NC Hospital,Hospital,11.304892,76.000547
Swastha Ayur Hospital,Hospital,11.3040601,75.8754293
Soukhya Ayurveda Hospital,Hospital,11.4540359,75.8882656
Markaz Unani Medical College & Hospital,Hospital,11.47362,76.0096564
"Urban Primary Health Centre, Kannadikkal",Hospital,11.3066788,75.8066597
Nethra Foundation Eye Hospital,Hospital,11.422426,75.937538
Chest Hospital,Hospital,11.2551895,75.7840931
Comtrust Eye Hospital,Hospital,11.2817199,75.9866558
Janatha Eye Care,Hospital,11.1781437,75.8652172
F R Prime Day Care Hospital,Hospital,11.3039826,75.8726727
City Eye Foundation,Hospital,11.2552249,75.7841625
Jubilee Hospital,Hospital,11.200099,75.855366
Mist Hills Hospital,Hospital,11.4722729,75.9694432
Viveka Hospital,Hospital,11.26035,75.778258
Yesu Bhavan Thamarassery,Hospital,11.4355519,75.9506818
V Trust Eye Hospital,Hospital,11.4472992,75.827691
Nathans Hospital,Hospital,11.3041969,75.8703861
Karuna Hospital,Hospital,11.4794045,75.9989405
Hygiene Hospital for Naturopathy & Yoga,Hospital,11.2928635,75.9769648
Relief Hospital,Hospital,11.2696016,75.987077
Alphonsa Hospital,Hospital,11.471396,75.968562
Eye Hospital,Hospital,11.1857049,75.8410788
MD Hospital,Hospital,11.1764267,75.8683939
"Red Crescent Hospital, Chungam Hospital",Hospital,11.4222942,75.9366252
High Life Ayurvedic Hospital,Hospital,11.315607,75.998128
Punarjani Ayurveda Hospital,Hospital,11.4430927,75.8354898
MOSC Ground,Hospital,11.4727353,75.9682637
Promise Dental Care,Hospital,11.3087341,75.9107425
"Nature Care Naturopathy Hospital, Mukkam",Hospital,11.3265918,75.9918022
Homeopathic Hospital,Hospital,11.176149,75.8273765
Vazhaparamba Hospital,Hospital,11.3236384,75.90663
"Nalanda Hospital, Ramanattukara",Hospital,11.176982,75.870486
"Govt Homeo Dispensary, Parambil Bazhar",Hospital,11.308514,75.8245641
Primary Health Center Vazhaparamb,Hospital,11.3240374,75.9060813
veterinary hospital,Hospital,11.1353065,75.8269786
"Government Mental Health Centre, Kuthiravattom",Hospital,11.2541607,75.8004013
"Shifa dental hospital,Mukkam",Hospital,11.3223424,75.9953094
"PVS Sunrise Hospital, Palayam",Hospital,11.2436267,75.7824343
Family Health Center Villyapally,Hospital,11.6276927,75.6457599
"Primary Health Centre, Chengottukavu",Hospital,11.423076,75.7213666
"Government Dental College, Kozhikode",Hospital,11.2725835,75.8346108
Family Health Center Puduppadi,Hospital,11.4815104,75.9811713
Family Health Center Ramanattukara,Hospital,11.1764483,75.8770478
Family Health Center Nochad,Hospital,11.5233804,75.7570551
Community Health Center Thiruvallur,Hospital,11.5897727,75.689502
Women and Child Hospital Kottaparmbu,Hospital,11.2509278,75.783619
"Family Health Centre, Panangad",Hospital,11.4657479,75.8358095
Government Homeopathy Hospital,Hospital,11.5395898,75.7479573
Community Health Centre Olavanna,Hospital,11.2337906,75.8452444
Community Health Centre Thiruvalloor,Hospital,11.5915919,75.6725996
Primary Health Center Kuruvattur,Hospital,11.3226436,75.8485075
"Family Health Center, Kottur",Hospital,11.49372,75.8121857
Primary Health Center Avala,Hospital,11.5919572,75.7077757
"Primary Health Center, Naripatta",Hospital,11.7128929,75.7089141
Primary Health Center Kakkur,Hospital,11.3893228,75.8225593
Primary Health Center Peruvannamoozhi,Hospital,11.5902664,75.8249727
Primary Health Center Kizhakoth,Hospital,11.3907184,75.894001
Family Health Center Omassery,Hospital,11.3721593,75.9624494
Primaray Health Center Irivallur,Hospital,11.3983208,75.8170677
"Primary Health Center, Beypore",Hospital,11.1836399,75.8053406
Primary Health Center Kayakkodi,Hospital,11.6836601,75.7540734
Primary Health Center Chekkiad,Hospital,11.7321823,75.6372655
Primary Health Center Kakkayam,Hospital,11.5487368,75.8918301
"Primary Health Center, Thurayur",Hospital,11.5174122,75.6666467
"Primary Health Center, Cheruvannur",Hospital,11.1950148,75.8187377
Community Health Center Kodanchery,Hospital,11.4362652,76.0077578
Community Health Center Koduvally,Hospital,11.3600108,75.9128645
Atholi Paliative Care Center,Hospital,11.3951955,75.7566685
family health center,Hospital,11.3638787,75.8239637
homeo dispencery,Hospital,11.3574049,75.8076503
shifa speciality clinic,Hospital,11.1509387,75.8132947
"Urban Primary Health Centre, Chelavoor",Hospital,11.2957397,75.8460211
"Urban Primary Health Centre, Kinassery",Hospital,11.2311666,75.816366
"Urban Primary Health Centre, Kallunira",Hospital,11.6085065,75.5917548
"Urban Primary Health Centre, Payyanakkal",Hospital,11.2256775,75.7813276
"Urban Primary Health Centre, Veliyancheripadam",Hospital,11.2461824,75.7938902
Primary Health Sub Center,Hospital,11.4774078,75.7048603
Government Homeopathy Dispensary,Hospital,11.191031,75.8582346
"Urban Primary Health Centre, Naderi",Hospital,11.4560001,75.708596
"Paliative Bhavan,Kodiyathur",Hospital,11.2809813,75.9873419
"Arogya Upakendram, Alungal",Hospital,11.2729172,75.9862526
"Vetinary sub centre ,Alungal",Hospital,11.2729151,75.9861513
"Homio dispensary ,Pannikode",Hospital,11.2716007,76.0020828
"Vetinary dispensary,Pannikod",Hospital,11.2706152,76.008429
"Govt.Ayurveda dispensary,Gothambroad",Hospital,11.280942,76.0149818
"Arogya kudumbhakshema upakendram ,Pannikode",Hospital,11.2709291,76.0161267
unity hospital,Hospital,11.4077495,75.9342328
"Naturopathy Hospital and Yoga Center, Kuttikkattoor",Hospital,11.2668785,75.8717567
"Family Health Center, Kunnamangalam",Hospital,11.305211,75.8895174
"Primary Health Centre, Karassery",Hospital,11.3184344,76.0357894
"Government Unani Dispensary, Karassery",Hospital,11.3162085,76.0065441
"Primary Health Centre, Thurayur",Hospital,11.5265784,75.654436
"Community Health Center, Thiruvangoor",Hospital,11.3838928,75.7351443
Government Homeo Dispensary,Hospital,11.689673,75.797366
"Primary Health Center, Kayanna",Hospital,11.5385031,75.806174
"Government Ayurveda Dispensary, Kadiyangad",Hospital,11.5388034,75.7984317
"Government Ayurveda Dispensary, Narakkode",Hospital,11.5138652,75.7023597
Sub Center,Hospital,11.4420547,75.9123086
Homeo Dispensary,Hospital,11.4388457,76.0396882
"Health Sub Centre, Valiyakolly",Hospital,11.4270325,76.0159076
MediCare Hospital,Hospital,11.5407341,75.8414576
AYUSH PRIMARY HEALTH CENTR ( HOMEOPATHY),Hospital,11.3884543,75.8483988
Ayancheri FHC,Hospital,11.6468843,75.664865
Govt. Ayurveda Hospital Kheeriyanghadi,Hospital,11.6461934,75.6581571
Sarkar Homio Hospital,Hospital,11.6575951,75.658681
"Palliative Care ,Ayancheri",Hospital,11.6263722,75.6740796
Sidra Hospital,Hospital,11.6261901,75.6736707
Chethalayod Health centre,Hospital,11.6243358,75.6853657
"Aspire medical Centre ,Ayancheri town",Hospital,11.6260376,75.6756388
"Homeopathy dispensary, Ayancheri",Hospital,11.6259579,75.6749553
Subcentre Puthyottuvayal,Hospital,11.618141,75.6862251
PHC subcentre Mangalad,Hospital,11.6417853,75.6532579
Subcentre Kalleri,Hospital,11.6444388,75.6392067
Arogya upakendram,Hospital,11.3657699,76.0044039
Government Women and Children Hospital,Hospital,11.250657,75.7829778
TK Hospital,Hospital,11.3625012,76.0098273
Lissa Hospital,Hospital,11.3620294,76.0105261
Government Homeopathic College & Hospital,Hospital,11.2874589,75.785942
Govt Ayurveda Hospital Anackampoyil,Hospital,11.4380578,76.0597348
MJ Hospital,Hospital,11.6240512,75.6273027
Govt Ayurveda hospital,Hospital,11.5868302,75.6195098
Dr. KP Menon Memmorial Hospital,Hospital,11.6249645,75.6288872
Govt.Ayurveda Hospital,Hospital,11.688528,75.5432982
Homio Dispensary,Hospital,11.3669751,76.0113717
Welcare Hospital,Hospital,11.4704697,75.9684825
"Primary Health Center, Elathur",Hospital,11.3257217,75.7382345
NPK Medical Center,Hospital,11.3427744,75.7405079
District Ayurvedic Hospital,Hospital,11.2912985,75.758937
"Government General Hospital, Vellayil",Hospital,11.2567486,75.7709128
Ayurvedic Dispensary,Hospital,11.1693923,75.8056755
"Department of Physiotherapy, CRC Kozhikode",Hospital,11.2719511,75.8253434
CRC Kozikode campus,Hospital,11.2717392,75.825093
Meitra Hospital,Hospital,11.3016089,75.7745854
Ayurveda Dispensary,Hospital,11.2972831,75.7837467
"Government Medical College, Kozhikode",Hospital,11.2723615,75.8368122
"Vimukthi De-Addiction Centre, Kozhikode",Hospital,11.257209,75.7723155
VPS Lakeshore Medical Centre,Hospital,11.2582672,75.775556
National Hospital,Hospital,11.2595648,75.7811586
Kozhikode District Co-Operative Hospital,Hospital,11.2769228,75.7844723
Asoka Hospital And Nursing Home,Hospital,11.257931,75.7800955
Calicut Hospital And Nursing Home,Hospital,11.2417331,75.7825678
"Family Health Centre, Puthiyappa",Hospital,11.3126559,75.7511185
Aster MIMS Hospital,Hospital,11.2457848,75.7980107
District TB Centre,Hospital,11.2548936,75.7989023
Government Ayurvedic Dispensary,Hospital,11.706291,75.7203436
"Primary Health Centre, Kayakodi",Hospital,11.6727986,75.7465651
Kottaram Ayurvedic Hospital,Hospital,11.665386,75.7344605
"Primary Health Center, Valayam",Hospital,11.7220959,75.6681932
"Government Homoeo Dispensary, Valayam",Hospital,11.72151,75.6703709
Ayurvedic Dispensary,Hospital,11.3311369,75.7692688
"Little Flower Hospital, Koodakkolli",Hospital,11.5744413,75.8169833
"Ayurvedic Hospital, Chempanoda",Hospital,11.6418487,75.694231
"Homeopathic Hospital, Muthukadu",Hospital,11.5813913,75.8129526
"ESI Dispensary, Meenchanda",Hospital,11.219321,75.7954669
Government Homeo Dispensary,Hospital,11.2263373,75.7914659
"Calicut District Homeo Hospital, Eranhikkal",Hospital,11.3190879,75.7589403
"Government Homeo Dispensary, Malaparambu",Hospital,11.2873313,75.8019536
"Urban Health Center, West Hill",Hospital,11.2856521,75.7696438
Mother and Child Hospital,Hospital,11.2722767,75.8387732
Government Homeo Dispensary,Hospital,11.2395449,75.7978098
Sitharam Ayurvedha Speciality Hospital,Hospital,11.2380091,75.8005524
CICS Medical and Dialysis Centre,Hospital,11.2065881,75.8147914
Koothali polyclinic and diagnostic centre,Hospital,11.5881278,75.7655988
Community Health Centre kuttiadi,Hospital,11.6543426,75.7535964
Primary Health Centre,Hospital,11.3498196,75.7596287
Thalakulathur Government Homoeo Dispensary,Hospital,11.352835,75.7589841
PHC KAKKUR,Hospital,11.3779496,75.8308171
Mantradhaara Ayurvaidyasala,Hospital,11.3824522,75.796126
Baby Memorial Hospital,Hospital,11.259748554656476,75.79229748744848
Iqraa Hospital,Hospital,11.286241816643813,75.79779460717253
Manhal Hospital,Hospital,11.472150233671458,75.64143594488048
Aster MIMS Hospital,Hospital,11.245997964910568,75.79799984561386
Metro Hospital,Hospital,11.245393324550095,75.83608828029074
Government Leprosy Hospital,Hospital,11.272746477049688,75.825566487221
Comtrust Eye Hospital,Hospital,11.25300959585493,75.79329042424227
നിർമ്മല ഹോസ്പിറ്റൽ,Hospital,11.29166454202126,75.82379295077585
Rivershore Hospital,Hospital,11.434550507559353,75.90376988407759
കോഴിക്കോട് ബീച്ച് ആശുപത്രി,Hospital,11.256535413080968,75.77118278770692
Govt. Ayurveda Hospital,Hospital,11.2913212075415,75.75911113816205
Homeo College and Hospital,Hospital,11.287435960641384,75.78591309174085
Institute of Palliative Medicine,Hospital,11.277797011270811,75.84449437232338
Malabar Medical College Hospital,Hospital,11.433778,75.77526074999999
"Iqraa Community Hospital, Thottilpalam",Hospital,11.672985993914684,75.77204198187847
Taluk Hospital Perambra,Hospital,11.569146656905016,75.75504930155486
Meitra Hospital,Hospital,11.301675103040624,75.7747025649459
EMS Hospital,Hospital,11.557688301497697,75.7634834111238
"Primary Health Centre, Kallanode",Hospital,11.532158360971662,75.87909629177162
MVR Cancer Center,Hospital,11.294845967848994,75.94698699137902
Thaluk Hospital Kuttiady,Hospital,11.654973776821038,75.74968279136682
Sukrutham,Hospital,11.235347393562249,75.8074277878852
Dr. Manoj's ENT Super Speciality Institute and Research Centre,Hospital,11.290812913632452,75.77544697568989
Amana hospital,Hospital,11.652056800252884,75.76011329940903
Sahakara,Hospital,11.651782805445894,75.60011866955043
Community Health Center Kunnumal,Hospital,11.676479322943411,75.70243858585584
Family Health Center Vadakara,Hospital,11.600835330617189,75.57788720301335
"Health and Family Welfare Training Centre, Kozhikode",Hospital,11.2948742794442,75.80303490595166
Simons Eye Hospital Perambra,Hospital,11.551403654904316,75.7641313250794
santhigiri Ayurveda and siddha hospital,Hospital,11.26911339371066,75.77798245510411
Family Health Centre Kakkodi,Hospital,11.31871565,75.80055025
Thaluk Headquarters Hospital Thamarassery,Hospital,11.412529611439844,75.93724482502792
Government Taluk Hospital Kuttiady,Hospital,11.654832528015527,75.7496338371229
Feroke Taluk Government Hospital,Hospital,11.1819353399701,75.84121652559037
western hospital and nursing home,Hospital,11.258970854577514,75.78122469812858
manohar hospital,Hospital,11.246679535349369,75.784733956038
puthalath eye hospital,Hospital,11.252616992010909,75.79704923508945
Lisa Parking Ground,Hospital,11.3616375923536,76.01261505548655
ALIV,Hospital,11.471503746795518,75.6432070571283
KKM hospital,Hospital,11.2059506,75.81156365
"Govt. hospital, vellimaadukunnu, Kozhikode",Hospital,11.290778618329238,75.81697593156079
"Women and Children Hospital, Kozhikode",Hospital,11.250677253959392,75.78295488858666
"Kottaparambu Govt. hospital, Kozhikode",Hospital,11.251063492398444,75.78387129444239
"Government Taluk Hospital,Feroke,Kozhikode",Hospital,11.176546013259363,75.8313267176907
"Govt. taluk hospital, petta ,feroke, Kozhikode",Hospital,11.182201511930767,75.84140238837657
"Primary Health Centre, Naduvannur, Kozhikode",Hospital,11.48624936593584,75.77348428610539
Community Health Centre Thalakulathur,Hospital,11.351724183399766,75.76266517629155
"govt hospital, vellimaadukunnu",Hospital,11.290769732309732,75.81708539733587
District TB Centre,Hospital,11.25489970702248,75.7995906877611
"Mental hospital, kuthiravattam, Kozhikode",Hospital,11.25643656183569,75.79955431381492
General hospital,Hospital,11.265124503994135,75.77572519499931
Marmasuthram Hospital,Hospital,11.326552456261783,75.74478143921685
red crescent hospital,Hospital,11.182472951197337,75.8481713261229
"Government Hospital of Dermatology, Chevayur",Hospital,11.272318950000004,75.82479100000002
Chelannur Primary Health Centre,Hospital,11.36386352361397,75.8239740367194
"Primary Health Centre 24*7, Panangad",Hospital,11.464880011689054,75.83602791822968
Primary Health Centre Vayalada,Hospital,11.502360994184786,75.89219612834856
Primary Health Centre Koothali,Hospital,11.58467060271708,75.76412369754523
Primary Health Center Kayanna,Hospital,11.538500558022523,75.80617672936023
"Family Health Centre, Chorode",Hospital,11.627293501467705,75.59219954977021
"Primary Health centre, Changaroth",Hospital,11.606788129823322,75.7778411525203
"Primary Health Centre, Kunduthode",Hospital,11.672796968602666,75.81439290963134
"Primary Health Centre, Thiruvambady",Hospital,11.351544617796018,76.00550931582904
Primary Health Centre Kodiyathur,Hospital,11.282222593533344,75.98839567313915
Primary Health Centre Karasseri,Hospital,11.318373650000002,76.0357727
Primary Health Centre Peruvayal,Hospital,11.264870107291747,75.9019600832463
Amal hospitals and research centre,Hospital,11.50682,75.62502460000002
"Institute of Maternal and Child Health(IMCH), Cheruppa",Hospital,11.27209235564836,75.83867581604584
Super Speciality Block,Hospital,11.27453086216882,75.83877467328786
Rajeev Gandhi co-operative hospital,Hospital,11.50774254815482,75.62460136046278
Haritha Ayurvedha Hospital,Hospital,11.318035000000002,75.9478766
Balussery Thaluk Hospital,Hospital,11.44536582666386,75.83566208051974
primary health centre kannadippoyil,Hospital,11.47540170509674,75.84410110984841
primary health centre kuruvatti,Hospital,11.492067737876456,75.81405922558196
Melady Health Care Centre,Hospital,11.50580720641314,75.62712920321319
"Urban Primary Health Centre, Ponnamkode",Hospital,11.25708745818893,75.83314873419849
Sree Subhramanya Ayurvedic Hospital,Hospital,11.294081027681903,75.79037097039424
`,Hospital,11.331180719948147,75.98579672449289
Malabar Medical College Rural Hospital,Hospital,11.529551923661492,75.70828675097961
Community Health Centre Valayam,Hospital,11.722140883226784,75.6683256824426
Medicheck Vanimel,Hospital,11.718710043804307,75.69944366538327
Nandi Day Care Clinic,Hospital,11.473307860850598,75.64172179721533
GOVERNMENT HOSPITAL OF DERMATOLOGY CHEVAYUR,Hospital,11.27283007713696,75.82558849654357
UNITY HOSPITAL,Hospital,11.407729429541854,75.93426396421141
Relief Clinic,Hospital,11.53126461621392,75.71042020151283
"Family Health Center, Meppayyur",Hospital,11.530759235497486,75.70994207894819
Sub Centre,Hospital,11.177774873193366,75.80744570906347
Sub Centre,Hospital,11.182222559622188,75.81237933553948
Sub Centre,Hospital,11.196890895455804,75.80357557399142
Sub Centre,Hospital,11.21719777684038,75.81272298517591
Primary Health Centre,Hospital,11.1954325015367,75.81802108340501
Sub Centre,Hospital,11.199106778680708,75.8206196032984
Community Health Centre  Orkatteri,Hospital,11.654100254039964,75.6004820351762
"Government Taluk Head Quarter Hospital, Nadapuram",Hospital,11.68211143750754,75.65224905518826
"Public Health Centre , Velam",Hospital,11.62794736586733,75.72223183312381
Family Health Centre Maruthumkara,Hospital,11.643741539090811,75.79090670395905
Community Health Centre Ulliyeri,Hospital,11.443557054892969,75.77213000302989
MOTHERS CLINIC OLAVANA,Hospital,11.221966982826135,75.83500353333335
Eye Care Centre,Hospital,11.306488222843134,75.87891712318459
Taluk Hospital Perambra,Hospital,11.569138265357957,75.75536698291462
Primary Health Centre Eramangalam,Hospital,11.41926855,75.79732405
Kottaram Ayurvedic Hospital,Hospital,11.665379452639364,75.7345486698301
"Government Medical College, Kozhikode",Hospital,11.272508237279236,75.83702764788693
Govt. Ayurveda Dispensary,Hospital,11.261114986823612,75.90313347011522
Family Health Center Edacheri,Hospital,11.701189728045955,75.6094228211655
Family Health Centre Madappally,Hospital,11.645683718063292,75.56315117802406
homeo dispencery chelannur,Hospital,11.357410358247028,75.8076527810592
ARHA Hospital Allopathy and Homeopathy,Hospital,11.135691179180489,75.83063643419024
Primary health centre cheruvannur,Hospital,11.561046977537831,75.6936388939946
homeo dispencery,Hospital,11.324254902246873,75.9358836020358
Cheruvannur Government Homoeo Dispensary,Hospital,11.56519169392839,75.70646669432624
Ayurveda Hospital Cheruvannur.,Hospital,11.566621684463549,75.7035453943305
"Family Health Centre,moodadi",Hospital,11.48232458349254,75.66210542916723
"Paliative Bhavan,Kodiyathur",Hospital,11.280960285151846,75.98736510538593
Primary Health Center Kattippara,Hospital,11.463611277213635,75.91790042351062
Homeo Dispenseri,Hospital,11.486789754008806,75.62984747319604
"Government Hospital, Kottaparambu",Hospital,11.251083593062388,75.78425088544829
Elettil Hospital,Hospital,11.39759489462343,75.8851735835495
"Police Station, Panniankara",Police,11.226804,75.791689
Kunnamangalam,Police,11.3053711,75.8786307
police point,Police,11.2605169,75.9541762
Chaliyam Coastal Police Station,Police,11.1617175,75.8073264
Police Station Feroke,Police,11.1828848,75.837412
Kakkur Police Station,Police,11.3765153,75.8156431
"Police Station,Kuttiady",Police,11.6520444,75.7534955
"Police Station, Vellayil",Police,11.2875842,75.7622707
"Chombala Police Station , Kunjippalli",Police,11.6784684,75.5523936
Kunnamangalam Police Station,Police,11.3057105,75.8790061
"Crime Branch, Kozhikode",Police,11.2536596,75.7872164
Police Aid Post Kakkayam,Police,11.5523281,75.8940241
police aid post,Police,11.625669,75.6288086
"Police Station, Elathur",Police,11.3433699,75.74016
Office Of The District Police Chief,Police,11.2542281,75.7821432
Office of Assistant Commissioner of Police,Police,11.2710563,75.7754823
pantheerankave police station,Police,11.2181369,75.8568357
Kunnamangalam police station,Police,11.3056934,75.8790231
"Police Station, Chemmangad",Police,11.2398195,75.7851516
Vanitha police station,Police,11.2544608,75.7834255
"Police Station, Vadakara",Police,11.5945908,75.5882165
"Police Station, Kodenchery",Police,11.4323464,76.0039716
Police Station Chombala,Police,11.678378,75.5526216
Police station mariyapuram,Police,11.3579909,76.006412
"Coastal Police Station, Elathur",Police,11.3172731,75.7479245
"Lakshadweep Police Special Branch Unit, Beypore",Police,11.1843105,75.8070104
"Police Station, Chevayur",Police,11.272524,75.8228459
Police Station,Police,11.2709403,75.8322195
Railway Police Station,Police,11.2484421,75.7793104
Office Of The City Police Commissioner,Police,11.2541318,75.7824736
"Police Station, Nallalam",Police,11.2107052,75.8068779
"Police Station, Valayam",Police,11.7222448,75.6701219
Medical College Police Station,Police,11.2711376,75.8381906
Government Police Quaters,Police,11.2931262,75.8172985
City Police Commissioner Office,Police,11.254240908241098,75.78241958980934
"Police Station,Mavoor",Police,11.261061722580816,75.9518261742596
"Police Station, Kasaba",Police,11.252785439228113,75.7920618291427
"Armed Reserve Camp, Maloorkunnu",Police,11.29900838599693,75.81425245466116
Koduvally Police Station,Police,11.36004218054785,75.91198896816948
"Police Station,Payyoli",Police,11.51316845,75.62103400000001
Railway Police Station,Police,11.248427102198352,75.77930234965163
``,Police,11.325415785589588,75.99217986049895
"Police Station,Thamarassery",Police,11.414112052583098,75.93601402992775
CI Beypore Coastal Police Station,Police,11.193443240010236,75.80425394759469
"Police Station,Balussery",Police,11.44886725697158,75.82412578257708
Mukkam Police Station,Police,11.32539749096043,75.99218546740396
"Police Station ,Valayam",Police,11.722236771643349,75.67009521999582
Medical College Police Station,Police,11.271092281265457,75.8382192577318
"Police Station, Meppayur",Police,11.530644760388846,75.70977636254624
"Police Station, Nadakkavu",Police,11.271469574876429,75.77518983502569
"Police Station, Chevayoor",Police,11.292978299192477,75.81798368288167
"Police Station, Panniyankara",Police,11.226910879322055,75.79166521047635
"Police Station,Perambra",Police,11.558979905081516,75.75743490364138
S P Office,Police,11.57884684536238,75.5996766527285
"Coast Police Station,Azhithala",Police,11.5710895,75.58798315
"Police Station,Atholi",Police,11.38158784452652,75.7588370136667
"Police Station,Thiruvambadi",Police,11.358044331962054,76.00632743359674
"Police Station ,Edacheri",Police,11.658552921716865,75.61155932817161
"Police Station ,Pantheerankavu",Police,11.218424485915268,75.85414546550861
Town Police Station,Police,11.250284668634349,75.77944612433448
"Police Station, Chombala",Police,11.677854988705937,75.55240852302438
"Police Station ,Nadapuram",Police,11.68710651651058,75.65229940926119
"Police station, Thottilpalam",Police,11.677828650881365,75.78013234446519
"Police Station,Peruvannamoozhi",Police,11.59898482383024,75.82211791024595
"Police Station, Koorachundu",Police,11.541373901359163,75.84673135216299
"Police Station, Vadakara",Police,11.594418156308851,75.58782391442952
"Police Station,Koyilandy",Police,11.449982150000002,75.6882496
"Police Station,Kakkur",Police,11.3741046349353,75.81518897515954
"Police Station,Elathur",Police,11.34335924089863,75.74015599005898
"Police Station,koduvalli",Police,11.361148049603468,75.91028620463646
"Police Station, Kunnamangalam",Police,11.303091386177217,75.88040458902518
"Police Station,Nallalam",Police,11.210675899914015,75.80687726446386
"Police Station, Marad",Police,11.202322658012532,75.79095397692365
"Police Station,Feroke",Police,11.183077557190868,75.83792952540377
"Police Station, Beypore",Police,11.16776291418392,75.80656468377447
District Police Camp Office,Police,11.549702749999998,75.6011907
kodenchery police station,Police,11.432107976236038,76.00453752929586
"Fire and Rescue Station, Chelakadu",Fire,11.684318,75.6822742
Fire and Rescue Station Koyilandy,Fire,11.4437142,75.6936132
Fire Station,Fire,11.4439284,75.6934268
"Fire and Rescue Station, Meenchanda",Fire,11.2145327,75.7993013
"Fire Force, Mukkam",Fire,11.3277658,75.9884394
"Fire and Rescue Station, Vellimadukunnu",Fire,11.2908083,75.8166464
"Fire And Rescue Station, Kozhikode Beach",Fire,11.254820817469898,75.77349822746766
"Fire and Rescue Station, Meenchanda",Fire,11.214552285494111,75.79926913360784
"Fire and Rescue Station, Vellimaadukunnu",Fire,11.290835008209145,75.81666891180593
Fire and Rescue Station Vellimaadukunnu,Fire,11.29072126048776,75.8164864078774
"Fire and Rescue Station, Perambra",Fire,11.562798671399078,75.74729789151463
"Fire and Rescue Station, Mukkam",Fire,11.327491699103444,75.98826539410265
"Fire and Rescue Station, Vadakara",Fire,11.610268006940208,75.59064992355724
"Fire and Rescue Station, Vadakara",Fire,11.61025795,75.59085325000001
"Kerala Fire and Rescue Station, Narikkuni",Fire,11.372718612670832,75.85263021803917
"Fire and Rescue Station, Chelakadu",Fire,11.6843416132135,75.68228137039881
"Fire and Rescue Station, Koyilandy",Fire,11.443731838962288,75.6936228684068
Manava Seva Eye Hospital,Hospital,10.5570041,76.1729225
Sacred Heart Hospital,Hospital,10.345043,76.234776
Gauri Sankar Hospital,Hospital,10.2125477,76.2003037
"District Hospital, Thrissur",Hospital,10.5229301,76.2174171
West Fort,Hospital,10.5183579,76.2038058
Mala Govt. Hospital,Hospital,10.2399929,76.273435
health center,Hospital,10.6110625,76.0526127
Daya Royal Hospital,Hospital,10.6459279,76.0675193
Dispensary,Hospital,10.6265455,76.1447253
Vinayaka Ayurveda Hospital,Hospital,10.4733918,76.2121049
Vaidyaratnam Nursing Home,Hospital,10.4579628,76.239088
St. Vincent de Paul Hospital,Hospital,10.4843171,76.233723
Metro Healthcare,Hospital,10.3437349,76.2081502
VM Health care,Hospital,10.2095527,76.2956389
Comfort,Hospital,10.6172029,76.1985724
Casualty,Hospital,10.6137919,76.1951365
A - Block,Hospital,10.6151029,76.1963597
B - Block,Hospital,10.6148665,76.196341
D - Block,Hospital,10.614092,76.1962835
E - Block,Hospital,10.6138439,76.196279
Psychiatry OP,Hospital,10.6146728,76.196058
ECG,Hospital,10.6144911,76.1960728
Karuna Dialysis Centre,Hospital,10.6150967,76.1958479
Proctoscopy Room,Hospital,10.6143708,76.196012
Endoscopy Room 2,Hospital,10.6142743,76.1956405
Retinoscopy,Hospital,10.6149237,76.196107
Vision Testing;Dept. of Obsterics & Gynaecology,Hospital,10.6148272,76.1961075
Vision Testing,Hospital,10.6148295,76.1960542
ECG,Hospital,10.6148285,76.1960806
Surgery Room,Hospital,10.6148303,76.1960287
CT Scan,Hospital,10.6138065,76.1962183
3D-4D Ultrasound Scan,Hospital,10.6138971,76.1957005
DSA Room,Hospital,10.6138307,76.195701
Audiology & Speech Therapy,Hospital,10.6138247,76.1960326
Treatment & Dressing Room,Hospital,10.6138969,76.1960317
Dept. of Geneto-Urinary Surgery,Hospital,10.6151788,76.1954886
Infertility Clinic,Hospital,10.615153,76.1962881
Dept. of Gastroentology,Hospital,10.6151909,76.1953222
Dept. of Opthomology,Hospital,10.615154,76.1961727
X-Ray Entrance,Hospital,10.6139674,76.1950542
Surgery,Hospital,10.6138738,76.1949694
Ortho,Hospital,10.6138763,76.194922
Observation-Surgery (female),Hospital,10.6138833,76.1948615
Nursing Station,Hospital,10.6138864,76.1948294
Observation surgery(Female),Hospital,10.6138931,76.1947713
ABC Ward,Hospital,10.6181705,76.2005703
Duty Nurse,Hospital,10.6183764,76.200408
Ayurveda Block,Hospital,10.6184238,76.2000499
OP Room (Ayurveda),Hospital,10.6184647,76.2000204
OP Registration (Ayurveda),Hospital,10.6183487,76.200121
Pharmacy,Hospital,10.6184083,76.200023
Female Ward,Hospital,10.6184992,76.1998782
Male Ward,Hospital,10.6182069,76.1997735
Cord Room,Hospital,10.6180746,76.201387
Insurance Medical Room,Hospital,10.618084,76.2012758
Pharmacy,Hospital,10.6180805,76.2013118
Electrical Room,Hospital,10.6180762,76.20135
Medicine Clinic,Hospital,10.6181568,76.2013062
Chest OP,Hospital,10.6181536,76.2013449
Dental OP,Hospital,10.618151,76.2013804
Casualty,Hospital,10.6181466,76.2014179
Registration,Hospital,10.6181451,76.2014494
Laboratory,Hospital,10.6181433,76.2014851
Eye OP,Hospital,10.6181223,76.2011802
Nurse's Room,Hospital,10.6181916,76.2010275
Duty Nurse,Hospital,10.6181979,76.2009838
Pulmunary OP,Hospital,10.6182062,76.2009127
Sleep Lab,Hospital,10.6182152,76.200859
Female Ward,Hospital,10.6181024,76.2009336
Nursing,Hospital,10.6182769,76.2010974
Conference Hall,Hospital,10.6183357,76.2011072
Medicine Storeroom,Hospital,10.6183819,76.2011131
Sitting Place,Hospital,10.6184928,76.2011327
Pharmacy,Hospital,10.6184369,76.2011719
Superintendent,Hospital,10.6184359,76.20122
Office,Hospital,10.618433,76.2012641
Junior Superintendent,Hospital,10.6184301,76.2012984
Treasurer,Hospital,10.618432,76.2013367
X-Ray,Hospital,10.6183781,76.2012993
RMO,Hospital,10.6183393,76.2012745
Doctor's Duty Room,Hospital,10.6182994,76.201279
Female PG Room,Hospital,10.6139672,76.1947349
Ophthalmology Room,Hospital,10.6139658,76.1947697
ENT Room,Hospital,10.6139687,76.1947972
Trauma Resuscitation Room,Hospital,10.6139631,76.1948612
Procedure Room,Hospital,10.6139621,76.1949122
Procedure Room,Hospital,10.6139573,76.1949593
Resuscitation Room,Hospital,10.6139583,76.1950054
Casualty counter,Hospital,10.6137947,76.1951747
Medical Emergency,Hospital,10.6139542,76.1951781
Nursing Station,Hospital,10.6139086,76.1952309
Medicine,Hospital,10.6138476,76.1952322
ECG Room,Hospital,10.615727,76.1880642
Preventive Medicine,Hospital,10.613915,76.1955027
Stomach Wash Room,Hospital,10.6139163,76.1956321
Medical Observation Ward(Female),Hospital,10.6138361,76.1956269
Medical Observation Ward (Male),Hospital,10.6138539,76.1954522
Central Research Laboratary,Hospital,10.6139188,76.1948802
ANIMAL DISEASE CONTROL PROJECT THRISSUR,Hospital,10.5202667,76.2415681
ICU,Hospital,10.6139228,76.1949157
Gov.Homeo Dispensary- valakkavu,Hospital,10.5174566,76.2961673
ahalya eye hospital,Hospital,10.5688492,76.1644422
Taluk Headquarters Hospital,Hospital,10.295896,76.3407747
Primary Health Centre Vilvattom,Hospital,10.555753,76.2383452
Government Hospital Kodakara,Hospital,10.3764307,76.3083021
Holy Family Medical Center,Hospital,10.471975,76.2422664
"Ahalia Foundation Eye Hospital, Kattungachira",Hospital,10.362468,76.2187994
The Irinjalakuda Co-Operative Hospital Ltd.,Hospital,10.332772,76.2167931
T M Hospital,Hospital,10.5250932,76.0504411
Dr Rani Menons Eye Clinic,Hospital,10.5203741,76.1952355
Arya Vaidya Asramam Ayurveda Hospital,Hospital,10.2107027,76.2034558
Bishop Alappatt Mission Hospital,Hospital,10.3951067,76.1645168
Rajah Hospital,Hospital,10.5937209,76.0290143
Dhanya Mission Hospital,Hospital,10.3310238,76.3245749
Oushadhi Panchkarma Hospital and Research Institute,Hospital,10.5318467,76.2099155
Ahalia Foundation And Eye Hospital,Hospital,10.521431,76.21236
Saroja Hospital,Hospital,10.5291187,76.211721
Vijayasree Eye Hospital,Hospital,10.5248467,76.2076735
Palace Hospital,Hospital,10.3188729,76.3200601
Maria Theresa Hospital,Hospital,10.2893094,76.2772058
Abdul Waheb Memorial Rajah Charitable Hospital,Hospital,10.5948631,76.0292745
I Vision Eye Hospital,Hospital,10.5052987,76.2110625
Craft Hospital,Hospital,10.2343816,76.1931574
Alpha palliative care,Hospital,10.522534,76.2064257
anthikkad government homeo dispensary,Hospital,10.4539683,76.0978998
"Govt Ayurveda Dispensary, Vellangallur;govt.ayurveda dispensary",Hospital,10.3062023,76.220201
Mnmvs Neethi Medical Stores,Hospital,10.3046886,76.2180922
Simons Eye Hospital,Hospital,10.6446897,76.0730497
KUNNAMKULAM TALUK HOSPITAL,Hospital,10.6494211,76.0699591
Arthat govt. homeo dispensary,Hospital,10.6510209,76.0698188
Santhigiri Ayurveda And Siddha Hospital,Hospital,10.524892,76.2224963
bag hospital,Hospital,10.5196694,76.1914372
Al Ameen Hospital,Hospital,10.6701423,76.1104606
AYUSH PHC MANALUR HOMOEO,Hospital,10.4777255,76.114134
Paduva hospital,Hospital,10.4449692,76.1273053
Rayhan Eye Clinic,Hospital,10.4143515,76.107036
Kerala Police Academy Hospital,Hospital,10.5615169,76.2359588
primary health centre karamuck,Hospital,10.4804327,76.1005891
Macare Valapad,Hospital,10.3988813,76.1145289
homeo dispensary,Hospital,10.6111491,76.0853167
"Community Health Centre, Anthikkad",Hospital,10.4580529,76.1201288
Ammirtha Ayurvedha Treatment Centre,Hospital,10.4579521,76.1260356
Guruvayoor Devaswom Hospital,Hospital,10.5926405,76.0409236
Puthenkulam Road-Employees State Insurance(ESI) Hospital High Road Ollur,Hospital,10.4656639,76.2463577
Kaiparambu Government Homoeo Dispensary,Hospital,10.5924467,76.1569439
Life Medical Center,Hospital,10.551522,76.3099122
Sun Diagnostic Centre,Hospital,10.5170126,76.2114717
desamangalam govt. hospital,Hospital,10.7545764,76.2311613
Community Health Centre Thriprayar,Hospital,10.4140051,76.1219716
Peringottukara Dialysis Centre,Hospital,10.4148836,76.1309241
co operative hospital manlur,Hospital,10.4980377,76.1086036
Gov.Homeo Dispensary- valakkavu,Hospital,10.5174478,76.2961583
co operative hospital manaloor,Hospital,10.498059,76.1086113
The pentecoastal mission thrissur,Hospital,10.5034351,76.2251191
Primary health centre,Hospital,10.5125614,76.2830619
hospital,Hospital,10.6309424,76.1422949
Devikripa Hospital,Hospital,10.4299097,76.2160281
govt hospital,Hospital,10.6281556,76.144183
holy family,Hospital,10.4489519,76.2782579
Shalom Hospital,Hospital,10.2964041,76.3368034
Puthenchira Gov Hospital,Hospital,10.2749111,76.2516315
Veterinary subcentre Anandhapuram,Hospital,10.3815157,76.2670031
jims hospital kodaly,Hospital,10.3747949,76.3749304
"Government Mental Health Center,Thrissur",Hospital,10.5203098,76.2007434
Primary Health Center Mambra,Hospital,10.2377085,76.3531888
triprayar govt hospital,Hospital,10.4136377,76.1220567
"Government Hospital, Mala",Hospital,10.2398736,76.2734571
Community Health Centre Pazhayannur,Hospital,10.6938677,76.4252869
Community Health Centre Pazhanji,Hospital,10.695458,76.0621937
Community Health Centre Mullassery,Hospital,10.5427013,76.0797797
Government Ayurvedic Hospital Manappady,Hospital,10.3698314,76.1877214
Government Hospital Kattoor,Hospital,10.3871241,76.1593335
Family Health Centre Poyya,Hospital,10.215128,76.2507756
health centre,Hospital,10.4641634,76.0692215
Kerala Institute of Sports Ayurverda & Research Thrissur,Hospital,10.5320258,76.2127585
R V D A H Thrissur,Hospital,10.5312548,76.2121389
"Govt.Ayurveda Hospital, Guruvayur",Hospital,10.5952326,76.0362449
Govt.Ayurveda Hospital Kodakara,Hospital,10.3543007,76.3165084
V.S.V.M Govt.Ayurveda Hospital Valappad,Hospital,10.3878358,76.1034529
V.K.S.M.M Government Ayurveda Hospital Santhipuram,Hospital,10.2612335,76.1820538
"Govt. Ayurveda Hospital,Azhikode",Hospital,10.1996724,76.1687049
"Govt.Ayurveda Hospital,Annamanada",Hospital,10.2392305,76.3281092
Oushadhi ayurveda pharmacy,Hospital,10.5737265,76.2175468
LRKA Govt. Ayurveda Hospital Villadom,Hospital,10.5498205,76.2390266
Pulloot,Hospital,10.2500417,76.2055426
Madakathra,Hospital,10.5458344,76.2700687
Wadakkancheri,Hospital,10.5486195,76.2624668
Govt. Ayurveda Dispensary Edavilangu Kodungallur (Via) Thrissur Dt.Pin 680664,Hospital,10.2806946,76.260643
Ashtamichira,Hospital,10.2708805,76.2802316
Government Ayurveda Hospital Kadangode,Hospital,10.6822716,76.132999
Neem Care Hospital,Hospital,10.2415013,76.2625898
Government Ayurveda Dispensary Desamangalam,Hospital,10.5283694,76.1835087
govt.Ayurveda Dispensory,Hospital,10.4776971,76.2464941
Government Ayurveda Dispensary Ashtamichira,Hospital,10.2814374,76.2603513
"Govt. Ayurveda Dispensary Avanoor ,Thangaloor P.O.,Thrissur Dt., Pin680581",Hospital,10.6348222,76.2112817
"Govt. Ayurveda Dispensary Chalakudy,ChalakudyP.O.,Thrissur Dt.Pin-680307",Hospital,10.3068522,76.3378961
Government Ayurveda Dispensary Chemmannur,Hospital,10.5177808,76.2116297
Government Ayurveda Dispensary Chengallur,Hospital,10.4056556,76.3011254
"Govt. Ayurveda Dispensary Cherpu, Thayankulangara,Near Sneha Bhavan Building,Cherpu.P.O, Thrissur Dt.Pin680561",Hospital,10.4386734,76.2091861
"Govt. Ayurveda Dispensary Eravu, Arimpur P.O. Thrissur Dt.Pin 680620",Hospital,10.4884552,76.118575
"Govt. Ayurveda Dispensary Kadapuram, P.O.Blangad,Thrissur Dt",Hospital,10.561948,76.0166365
Government Ayurveda Dispensary Irunilamcode,Hospital,10.6856001,76.2167555
"Sahachari Center,Trithallur West",Hospital,10.4823512,76.0623367
Shanthi Bhavan Palliative Hospital,Hospital,10.431894,76.224151
Ayurgem Ayurvedic Hospital,Hospital,10.5010229,76.2119415
Aryamadam Ayurveda Health Centre,Hospital,10.6693579,76.1132874
Makara Ayurveda Hospital,Hospital,10.6206702,76.2021122
Government Ayurveda Dispensary Pazhayannur,Hospital,10.6754858,76.4224108
Gandhiji Naturopathy Hospital,Hospital,10.4928613,76.2152488
Alappat Dental Hospital,Hospital,10.4698197,76.0803677
Alees Homeopathy Hospital & Research Centre,Hospital,10.6995431,76.092682
Max Care Hospital,Hospital,10.6630868,76.2481334
South Zone Eye & Diabetes Hospital,Hospital,10.645532,76.065369
Skype Dental Hospital,Hospital,10.553733,76.0744738
"Government Ayurveda Dispensary, Avanoor",Hospital,10.6131773,76.1801256
Bone & Joint Hospital,Hospital,10.536429,76.215994
Kottakkal Arya Vaidya Sala,Hospital,10.5648004,76.123249
Primary Health Centre 24*7 Arimpur,Hospital,10.497812,76.154466
Moyalan's Hospital,Hospital,10.3073237,76.3380823
Holy Angel Hospital,Hospital,10.361774,76.410522
Bethzada Ayurvedic Hospital,Hospital,10.2852799,76.3191752
Ayurveda Hospital,Hospital,10.2341892,76.3284617
Mahalakshmi Multispeciality Dental Hospital,Hospital,10.232291,76.195861
St. Vincent Diabetes Hospital & Research Centre,Hospital,10.3393863,76.219457
Kuzhur Panchayat Hospital,Hospital,10.204512,76.278669
Hospital,Hospital,10.240304,76.266917
Pullur Mission Hospital,Hospital,10.3429971,76.2352655
K A Speciality Hospital,Hospital,10.3911879,76.2212993
Okay Mission Hospital,Hospital,10.2302845,76.1887487
St. Joseph Hospital,Hospital,10.4345449,76.3550907
Mar Thoma Hospital,Hospital,10.1908537,76.1781232
Medigreen Hospital,Hospital,10.2870504,76.2149499
Merly Jeevamrith Ayurveda Hospital,Hospital,10.307309,76.33214
MIT Mission Hospital,Hospital,10.2329009,76.1941745
Gurudharmam Mission Hospital,Hospital,10.239203,76.264598
Government Veterinary Dispensary,Hospital,10.6442082,76.1929819
"Homeo, Ayurveda Dispensary",Hospital,10.5823933,76.0219563
veterinary hospital cherpu,Hospital,10.4449655,76.2117672
veterinary hospital ollur,Hospital,10.4891421,76.2408594
veterinary sub centre thaikattussery,Hospital,10.4564782,76.2401889
Veterinary Dispensary,Hospital,10.6131471,76.1814563
AYUSH PHC NENMANIKKARA HOMOEO,Hospital,10.4223059,76.2507609
Veterinary Dispensary,Hospital,10.2096823,76.2649222
DISTRICT VETERINARY CENTRE THRISSUR,Hospital,10.520455,76.2415582
vallachira vetinary hopital,Hospital,10.4438876,76.2329579
APHC(NHM)HOMOEO PUDUKKAD,Hospital,10.4252911,76.2678905
Annamanada Ayush Phc (Homoeo),Hospital,10.2383046,76.3267975
ayush primary health centre homoeo mullasseri,Hospital,10.5555157,76.0984986
AYUSH PHC HOMOEO KODASSERY,Hospital,10.3431333,76.3945927
Ayush PHC Homoeo Pookode,Hospital,10.6242672,76.026012
AYUSH PHC HOMOEOPATHY ENGANDIYUR,Hospital,10.5181731,76.0520162
"AYUSH PHC HOMOEOPATHY CHELAKKARA, Chelakkara P.O., Thrissur 680586",Hospital,10.6946084,76.3346826
VETERINARY DISPENSARY CHAIPPANKUZHY,Hospital,10.3251557,76.4423429
ICDP SUBCENTER KUTTICHIRA,Hospital,10.33276,76.4244035
Veterinary hospital Avinissery,Hospital,10.4697358,76.2248149
AYUSH PHC HOMOEO PERINJANAM,Hospital,10.305805,76.1594782
Ayurveda Dispensary,Hospital,10.6210025,75.9964202
GAD Kandassamkadavu,Hospital,10.4747673,76.1017343
Veterinary Dispensary Perinjanam,Hospital,10.3137728,76.142272
vetarinary dispensary punnayur,Hospital,10.6305652,75.9985428
veterinary sub centre manalur,Hospital,10.4745548,76.1015899
Government Veterinary Sub Centre Muttithadi,Hospital,10.4578908,76.3286859
Government Ayurveda Dispensary,Hospital,10.269823,76.3113372
veterinary sub centre chowannur,Hospital,10.6570724,76.0853073
veterinary dispensary chowannur,Hospital,10.6318938,76.0878038
government ayurveda dispensary,Hospital,10.5599706,76.0642012
Veterinary Dispensary Ashtamichira,Hospital,10.2754456,76.2774896
veterinary sub centre pazhookkara,Hospital,10.2798704,76.2928823
Veterinary Sub Centre Poyya,Hospital,10.2156894,76.2384945
Veterinary Sub Centre Annanad,Hospital,10.2754102,76.3234286
veterinary subcenter punnayur,Hospital,10.6277656,75.9898404
"GOVT AYURVEDA DISPENSARY,AYYANTHOLE",Hospital,10.5145361,76.1822709
govt homoeo dispensary  arimpur,Hospital,10.4975527,76.1561817
GOVT HOMOEO DISPENSARY AYYANTHOLE,Hospital,10.5148036,76.1822653
Muriyad Government Homoeo Dispensary,Hospital,10.3674551,76.2641067
AYUSH NHM Homoeo Dispensary,Hospital,10.2907764,76.5130446
Govt.Ayurveda Dispensary Avinissery,Hospital,10.4700513,76.2215205
Engandiyur Veterinary sub centre,Hospital,10.5085566,76.0653451
NHM AYURVEDA DISPENSARY,Hospital,10.3584894,76.1268567
"Ayush NHM PHC Homoeopathy, Mundathikode",Hospital,10.6440936,76.2057791
Gad Choondal,Hospital,10.6262218,76.0979725
"Government Homeo Dispensary, Thiruvilwamala",Hospital,10.7356262,76.4289716
GOVT AYURVEDA DISPENSARY VETTILAPPARA,Hospital,10.2908962,76.5085739
Tholur Govt.Homoeo dispensary,Hospital,10.5952414,76.1203881
GAD Ollukkara,Hospital,10.5279704,76.2547495
Govt Ayurveda DIspensary Venkitangu,Hospital,10.5191684,76.0911303
Veterinary Dispansary Pulacode,Hospital,10.6496453,76.3568992
ICDP Sub center Kalappara,Hospital,10.6359426,76.3621474
"Government Ayurveda Dispensary, Alagappanagar",Hospital,10.4345756,76.2961886
GOVT AYURVEDA DISPENSARY PARIYARAM,Hospital,10.3195967,76.3706856
"Government Ayurveda Dispensary, Thiruvilwamala",Hospital,10.7356194,76.4290669
homoeo dispensary,Hospital,10.5377374,76.0280148
Government Ayurveda Dispensary Parappukara,Hospital,10.4048211,76.2788572
AYUSH Primary Health Centre Homeopathy Kadukutty Vynthala Homoeo Dispensery,Hospital,10.2591342,76.3030196
"Government Homoeo Dispensary, Venkitangu",Hospital,10.5192476,76.0909888
Ayush Ayurveda PHC NHM Kadappuram,Hospital,10.537815,76.0280644
govt.ayurveda dispensary,Hospital,10.7489054,76.2760215
AYURSHIFA  AYURVEDA  PANCHAKARAM AND MARAMA  RESEARCH CENTRE,Hospital,10.6707811,76.1134419
"Govt. Ayurveda Dispensary, Kodassery, Pulinkara",Hospital,10.3356648,76.4373817
Veterinary Dispensary Erumapetty,Hospital,10.6813454,76.1712321
government ayuveda hospital puthenchira,Hospital,10.2810386,76.2606172
"Government Ayurveda Dispensary, Tholur",Hospital,10.5673944,76.1247296
Neethi Medical Store,Hospital,10.4688554,76.0820249
Dental clinic,Hospital,10.6434154,76.2048179
samuels clinic,Hospital,10.5747416,76.1626632
hospital,Hospital,10.6291621,76.0232142
KP Prabhakaran memorial government hospital anthikkad,Hospital,10.4581257,76.1162883
"Ashwamalika Hospital, kanjany",Hospital,10.4784905,76.1149246
Jubilee Ayurveda Misson Hospital,Hospital,10.5592643,76.2341114
"hospital,doctors",Hospital,10.6546526,76.0695824
"hospital,doctors",Hospital,10.6086419,76.1388542
Homeo dispensery,Hospital,10.5493041,76.1639148
KONAY,Hospital,10.3086936,76.1941959
Dr. Babu Krishnakumar Clinic,Hospital,10.490837,76.2769246
Dental clinic,Hospital,10.273721,76.245487
Government Homeo Dispensary,Hospital,10.3719673,76.1201305
Devamatha Hospital,Hospital,10.2614496,76.3523519
GOVERNMENT AYURVEDA DISPENSARY CHENGALOOR,Hospital,10.4056635,76.3011244
take care polyclinic payachode,Hospital,10.3805789,76.1191814
"Kattakayam Hospital,Kuttichira",Hospital,10.3339345,76.4209682
Family Health Centre Pariyaram,Hospital,10.3219789,76.4013733
Neethi High-Tech Lab,Hospital,10.2378979,76.327831
Parakkal Dental Care And Orthodontic Centre,Hospital,10.240365,76.2652513
"Primary Health centre ,Avanoor",Hospital,10.6081797,76.1797798
GEM hospitals and research centre,Hospital,10.5204383,76.2369189
"Urban Primary Health Centre, V R Puram",Hospital,10.3090957,76.317066
Medical Trust Hospital,Hospital,10.3724125,76.3047065
Atreya Hospital,Hospital,10.5286288,76.2264491
"Unity Hospital, Kattoor",Hospital,10.3746277,76.158508
Lakshmisudha hospital Urakam,Hospital,10.4417967,76.2308711
Lakshmikripa Hospital Urakam,Hospital,10.4418868,76.2308427
Community Health Centre Anthikkad,Hospital,10.453137,76.1145664
Family Health Centre Deshamangalam,Hospital,10.7469221,76.2334546
Family Health Centre Kondazhy,Hospital,10.7267588,76.3958593
Lurde Hospital Mannuthy,Hospital,10.5237003,76.2627961
"Saffire Medical Centre, Thiruvilwamala",Hospital,10.7331167,76.4292577
Aripalam Health Center,Hospital,10.2999558,76.1941697
tesla hospitals,Hospital,10.4287747,76.2874961
Homely Dental Care,Hospital,10.3761349,76.1578775
Homeopathy Hospital,Hospital,10.3775663,76.1486352
Fedra Hospital Karanchira,Hospital,10.4017736,76.1584421
Neethi Clinic,Hospital,10.3795055,76.151928
Primary Health Centre Choondal,Hospital,10.6401705,76.1204019
Punarjani De-addiction & Rehabilitation Centre,Hospital,10.6033835,76.2396563
കടവത്ത് വൈദ്യം,Hospital,10.6028862,76.1871157
ADITHYA MEDICAL AND REHABILITION CENTRE Pvt. Ltd,Hospital,10.5018831,76.2159653
Wadakanchery Digital X-Rays,Hospital,10.6649422,76.2518177
"Urban Primary Health Centre, Gosayikunnu",Hospital,10.5088566,76.218856
NHM AYURVEDA DISPENSARY KODUNGALLUR,Hospital,10.2287522,76.1834027
ayush phc Kathikudam,Hospital,10.2590563,76.3278085
"Govt Ayurveda Dispensary, Poomangalam",Hospital,10.3060139,76.1981486
Ayush Ayurveda PHC Meloor,Hospital,10.2950516,76.3610956
GAD KALLUR,Hospital,10.4567256,76.3075386
"Govt. Ayurveda Dispensary , Avanoor",Hospital,10.6132111,76.1801243
Govt.Ayurveda Dispensary Edavilangu,Hospital,10.2401045,76.1642464
Homeo Dispensery East Kuttichira,Hospital,10.3273156,76.4280212
Mar Themotheos Hospital,Hospital,10.5317792,76.2417769
Thonnurkkara Public health centre,Hospital,10.6880464,76.316707
vijayasree eye hospital,Hospital,10.5243875,76.2076675
Malabar eye hospital,Hospital,10.5269756,76.2105537
niyaama ayurveda medical centre,Hospital,10.5248675,76.2076716
Family Health Center Edalamkunn Ground,Hospital,10.6998333,76.2754503
Homeo Hospital Venginissery,Hospital,10.4649871,76.2000608
Ayurvedha Hospital,Hospital,10.4349613,76.0940937
PHC,Hospital,10.440558,76.2055601
PHC,Hospital,10.4513985,76.2189411
Sukhadam,Hospital,10.6000731,76.1216766
Karunya Hospital,Hospital,10.511527,76.2587422
Jubilee Mission Medical Institute,Hospital,10.5206703,76.2227693
Jubilee Mission Hospital,Hospital,10.5200819,76.2263381
Juibilee Mission Hrudyalaya,Hospital,10.519871,76.2272994
Keekot thangal memorial ayurveda hospital,Hospital,10.5692548,76.029276
Family Welfare Centre Panangattukara,Hospital,10.6414787,76.2540698
Daya Emergency Care Center,Hospital,10.403892,76.1117623
Valapad Unani Hospital,Hospital,10.4015205,76.1129092
Nhims Hospitals,Hospital,10.748261,76.2748827
Carewell Multispeciality Dental Clinic,Hospital,10.7471999,76.2748693
Cheruthuruthy Health centre,Hospital,10.7391952,76.2756227
St Joseph's Hospital,Hospital,10.4490479,76.278251
"Thrissur Corporation Primary Health Centre, Ayyanathole",Hospital,10.5144346,76.1811187
Cimar Women's Hospital,Hospital,10.481891,76.2144946
അമല ഇന്സ്റ്റിറ്റ്യൂട്ട് ഓഫ് മെഡിക്കൽ സയൻസസ്,Hospital,10.56120539195432,76.16721220544964
Sitaram Ayurveda Speciality Hospital,Hospital,10.517436610306875,76.21135289689761
Jubilee Mission Medical College and Research Institute,Hospital,10.520630069014077,76.22763191320014
Lal Memorial Hospital,Hospital,10.376626263733268,76.21985707532049
Westfort Hi-Tech Hospital,Hospital,10.536471581746788,76.19703199774155
Elite Mission Hospital,Hospital,10.502356765088804,76.21129154470498
Metropolitan Hospital,Hospital,10.51051513133219,76.21049601924969
Derma Laser Centre,Hospital,10.541522469788802,76.21235459878972
Trichur Heart Hospital,Hospital,10.51267110585935,76.21461162488008
Kunnamkulam Government Hospital,Hospital,10.648929716301456,76.06976227142688
Jeevodaya Mission Hospital,Hospital,10.696069525687284,76.33094920858417
San Jos Parish Hospital,Hospital,10.5637850641958,76.06350442699636
Karthyayani Nursing Home,Hospital,10.535665578048668,76.21196770217803
Sudharma Lab,Hospital,10.5355848656636,76.2141029142235
Aswini Hospital Private Limited,Hospital,10.534744925064407,76.21424079971237
"Taluk hospital,Chelakkara",Hospital,10.69308029081508,76.3460407768868
Unit Hospital,Hospital,10.635888919735049,76.08177404072494
Health Center,Hospital,10.65426225,76.1380236
Ansar hospital Perumbilavu,Hospital,10.703211736791689,76.09005906804386
Govt District Hospital-Wadakkancherry,Hospital,10.665677326699342,76.25229090062349
kerala police academy hospital,Hospital,10.561529011827952,76.235952152717
PRIMARY HEALTH CENTRE RAMAVARMAPURAM,Hospital,10.560646636114685,76.23410875859167
MES Hospital Karupadanna,Hospital,10.260728477696963,76.20338741768946
Taluk Headquarters Hospital Kodungalloor,Hospital,10.22838069523765,76.19725358014021
Relief Hospital,Hospital,10.29457012374766,76.15769595602977
Vijayasree Eye Hospital,Hospital,10.52439171027229,76.20765992562295
West Fort Hospital,Hospital,10.524098719837776,76.20183686431547
General Hospital Irinjalakuda,Hospital,10.348027021876009,76.21796564857091
PAY AND PARK,Hospital,10.613120717369505,76.19553071347168
"Government Dental College, Thrissur",Hospital,10.618739386638058,76.19656073890926
"Modern Hospital, Kodungallur (Main)",Hospital,10.234661166871778,76.1897446605585
Mother hospital,Hospital,10.519440609867925,76.18523706194384
Taluk Head Quarters Hospital Chalakudy,Hospital,10.308203827448637,76.33368558784179
AYUSH PHC KODASEERI HOMOEO,Hospital,10.343096568580211,76.39458850738923
Family Health Centre Pariyaram,Hospital,10.322059044959335,76.40131818529947
Ayush PHC Ayurveda Dispensary Kathikudam,Hospital,10.2590570949223,76.32779802430754
Family Health Centre Nalukettu,Hospital,10.27990027576964,76.38889962392264
Gandhigram Government Hospital Of Dermatology Koratty,Hospital,10.258608196198988,76.38023329115741
Community Health Centre Mattathur,Hospital,10.374930915177671,76.37202192007538
ESI Hospital,Hospital,10.517154600484837,76.18291059483728
Diagnostic Medical Lab,Hospital,10.53534218524314,76.20168790688368
Thrissur District Co-Operative Hospital,Hospital,10.527461193927016,76.2118008643728
Thaikkatt Moose Vydyaraj Oushadasala,Hospital,10.51775086803244,76.18003110905805
Westfort Hospital,Hospital,10.53755351153529,76.1964540077807
Nyle Hospital,Hospital,10.611214749244263,76.13381888313984
Malankara Hospital,Hospital,10.64839317095977,76.07862865529972
Chandramathy Amma Memorial Hospital,Hospital,10.516441457558855,76.17844470667882
Vaidyaratnam Ayurveda College Hospital,Hospital,10.463561536445784,76.24022716461583
Mother & Child Hospital,Hospital,10.371203804739864,76.30501435184311
Veterinary Dispensary,Hospital,10.214151392476118,76.2954912348562
Primary Health Centre Pattikkad,Hospital,10.5548496,76.32395399999999
Primary Health Centre Kandanassery,Hospital,10.594202978351786,76.09158357678764
"General Hospital, Thrissur",Hospital,10.52267885,76.217245
"District TB Centre,Thrissur",Hospital,10.52309865,76.21823750000001
Primary Health Centre Madakathara,Hospital,10.584578584801532,76.26684589309723
Primary Health Centre Nattika,Hospital,10.420389575510054,76.09237043976776
Primary Health Centre Porkulam,Hospital,10.674193349999998,76.06723694999998
1,Hospital,10.43004601885034,76.33265874439948
馬偕,Hospital,10.430845466666668,76.325666869437
PRIMARY HEALTH CENTRE METHALA;Primary Health Centre Methala,Hospital,10.201942718938172,76.18855189757988
"Veterinary Dispensary, Marathamcode",Hospital,10.664479271112636,76.1131133461653
govt.hom,Hospital,10.517429102197788,76.29618899156154
ICDP SUB CENTER VETTILAPPARA,Hospital,10.290703076396785,76.52545269630859
"Primary Health Centre, Urngattiri",Hospital,10.29144948153597,76.50677365108785
Community Health Centre Kadappuram,Hospital,10.540516521053071,76.0248703329683
Primary Health Centre Chamakkala,Hospital,10.350952549128968,76.11134812685525
PHC poovathussery,Hospital,10.380110813313427,76.23462980447849
Veterinary sub centre Vallathol Nagar,Hospital,10.7470887,76.28584169999999
Mary Immaculate Mission Hospital,Hospital,10.50851515718692,76.05790629508412
Metro health care,Hospital,10.343960580838273,76.20832512067453
Ittimani Hospital,Hospital,10.644574867466728,76.06593005692167
vellangallur govt.veterinary hospital,Hospital,10.299115042816078,76.22073559720192
public health centre,Hospital,10.299075921358591,76.21880030024847
GEM Hospital,Hospital,10.5284304779126,76.21915174892668
Westfort Ayurveda Hospital,Hospital,10.52393193757273,76.2004496959537
Wellcare Hospital,Hospital,10.503135473347662,76.06269139689631
"Health Centre, Nadathara",Hospital,10.510137099375406,76.26223121753478
anthikad health centre,Hospital,10.458104084749488,76.12020382613964
"Primary Health Centre, Kaipamangalam",Hospital,10.335319457518322,76.12225360097315
Taluk Head Quarters Hospital Chavakkad,Hospital,10.586876316130276,76.01908481780714
St. James Hospital,Hospital,10.315204482144852,76.33549043629934
Jubilee Mission Hospital,Hospital,10.52031521375659,76.22648256895172
THIRUVILWAMALA CHC,Hospital,10.733510996893482,76.42990381617578
"Community Health Center, Thiruvilwamala",Hospital,10.73497284206702,76.42695426306331
"Government Medical College, Thrissur",Hospital,10.614366649908344,76.19567168365117
government homeoe dispensary,Hospital,10.340786988407611,76.28194088623817
PHC Aanandapuram,Hospital,10.380903888242376,76.2656817023542
"Panicker's Hospital Kodungallur, ward 4",Hospital,10.228179619430868,76.19629972398907
PRIMARY HEALTH CENTRE VALLATHOL NAGAR,Hospital,10.73959949246352,76.27192597396858
Primary Health Center Madakkathara,Hospital,10.5523371931775,76.25820649670575
Primary Health Centre Orumanayur,Hospital,10.553343937717155,76.03456088374814
Primary Health Centre Porathussery,Hospital,10.365408291279762,76.20337592132695
Primary Health Center Kuzhur,Hospital,10.2043367,76.27891495
"Family Health Centre, Venkitangu",Hospital,10.52594887747228,76.07090151122877
Primary Health Centre Andathode,Hospital,10.675293934345872,75.96514360066651
Primary Health Centre Mathilakam,Hospital,10.29490595376174,76.16743596724895
Family Health Center Methala,Hospital,10.216477257472537,76.21632431175098
FAMILY HEALTH CENTRE EDAVILANGU,Hospital,10.23931285666368,76.15436916793799
Taluk Headquarters Hospital Pudukad,Hospital,10.419540775449718,76.26630305349106
Primary Health centre Nadathara,Hospital,10.510075131773522,76.26222822172902
Primay Health Centre Vaniyamapara,Hospital,10.578035894451151,76.41025482851853
"Primary Health Center, Poomala",Hospital,10.6093007,76.23676265
Community Health Centre Ollur,Hospital,10.478486817718974,76.23938700505764
Primary Health Centre Ollukkara,Hospital,10.53309507178463,76.25278735833882
Primary Health Centre Vallachira,Hospital,10.441664308552046,76.23109594405919
Primary Health Centre Koorkkanchery,Hospital,10.490908135505345,76.20380031857398
Family Health Centre Perumpilavu,Hospital,10.706143129785602,76.11797333355769
Primary Health Centre Kuthampilly,Hospital,10.741794242558022,76.40001877057905
Primary Health Centre Engandiyur,Hospital,10.528024672001148,76.0572298860667
Primary Health Centre Pavaratty,Hospital,10.55719123606067,76.05009066312414
"Family Health Centre, Thrikkur",Hospital,10.46372672121844,76.26988550880118
Primary Health Center Varandarapilly,Hospital,10.420704604408714,76.3212389825092
Family Health Centre Pamboor,Hospital,10.5633776,76.20328549999999
Primary Health Centre Pookode,Hospital,10.616600155131854,76.02563306267045
P L Thoman Memmorial Charitable Trust Paliative and Medical Clinic,Hospital,10.30949697141888,76.27122292722412
Family Health Cente Karalam,Hospital,10.40182435,76.1887718
Assisi Mission Hospital,Hospital,10.398427275443694,76.24957400181374
Metro Hospital,Hospital,10.344977639311262,76.20706658810968
E N T Hospital,Hospital,10.344728492804224,76.20979099384637
mission hospital,Hospital,10.345276113041049,76.23462176561279
Family Health Centre Punnayur,Hospital,10.62112308225611,75.99632682740082
Thahani Ayurvedic Hospital,Hospital,10.50709426948342,76.09561864307123
Community Health Centre Madavana,Hospital,10.216461641750607,76.1833544583876
Primary Health Center Kattoor,Hospital,10.39910192739722,76.14241231031541
PRIMARY HEALTH CENTRE 24*7 KAKKAD,Hospital,10.26285725,76.32679535
Community Health Centre Vellanikkara,Hospital,10.544880695297714,76.28803417608361
Govt Veterinary Dispensary Kattoor,Hospital,10.371272511990265,76.1585399005072
Veterinary Dispensary Venginissery,Hospital,10.46461579534251,76.20031129620409
"Veterinary  Dispensary ,Thriprayar",Hospital,10.423074540524494,76.09372378405632
veterinaryhospital vilvattam,Hospital,10.559125655279251,76.22642997477975
VETERINARY DISPENSARY NENMANIKKARA,Hospital,10.446372490902432,76.25963745012375
veterinary sub centre ramavarmapuram,Hospital,10.559181000000002,76.24494990000001
Veterinary hospital Cheruthuruthy,Hospital,10.749185234917164,76.2762768486263
veterinary hospital avinissery,Hospital,10.469734717448311,76.22482009897723
vterinary hospital avinissery,Hospital,10.469734717448311,76.22482009897723
VETERINARY SUBCENTRE NENMANIKKARA,Hospital,10.419371701312548,76.24907406611304
vetrerinary sub centre manalur,Hospital,10.474553988897965,76.10159573579823
veterinary subcentre muttithadi,Hospital,10.457890735471208,76.32868758356679
veterinary sub centre panniyadi,Hospital,10.728996015261712,76.25736611534103
vetrinary subcentre,Hospital,10.5581447748625,76.24124092453704
Government Homoeo Dispensary,Hospital,10.345428399999998,76.19554699999999
Muriyad Government Homoeo Dispensary,Hospital,10.36745146023426,76.26409213261334
GAD PADIYUR,Hospital,10.329549462474338,76.17262595015752
Community Health Centre Alappad,Hospital,10.441825088065505,76.1605799095038
veterinary sub centre Thichur,Hospital,10.714642879152471,76.18407078270278
FAMILY HEALTH CENTRE MANALOOR,Hospital,10.476150666772329,76.10242826373991
Medicare Hospital,Hospital,10.207608457239257,76.20211876598127
Shanthi Hospital,Hospital,10.37402491132361,76.30280842172024
Macare Valappad,Hospital,10.398879744973131,76.11454535476271
Amala Hospital,Hospital,10.561408038213663,76.167165094409
Amala hospital,Hospital,10.561508153630928,76.16732073013144
Sunethri Ayurveda,Hospital,10.49502147793958,76.23387916254782
Baby nursing home,Hospital,10.406768449999998,76.21523074999999
"Family Health Centre, Paralam",Hospital,10.458778954512429,76.19156494107112
Family Health centre Nenmanikkara,Hospital,10.44716812219492,76.24927750857836
Family Health Centre Puthur,Hospital,10.486796925372545,76.30465246630536
FAMILY HEALTH CENTRE MUNDUR THOLUR,Hospital,10.592132447965977,76.156778232205
Family Health Centre Anapuzha,Hospital,10.20614255,76.21044065
Primary Health Centre Adat,Hospital,10.55847135570635,76.1559651957692
Adat gramapanchayath Homeopathic clinic,Hospital,10.5572102943179,76.14490264338711
Family Health Center Desamangalam,Hospital,10.754500440894796,76.23118083479935
Family Health Centre Elanad,Hospital,10.62695457369433,76.3940390149571
Devikripa Hospital,Hospital,10.429938657298292,76.21614089610864
Community Health Centre Cherpu,Hospital,10.440058495888575,76.21064045570161
rohini hospital parking ground,Hospital,10.441893492247926,76.21003495144683
Rohini hospital,Hospital,10.442307805557109,76.2101054633409
District veterinary centre,Hospital,10.520322401538904,76.24160926658394
GEM hospital,Hospital,10.520314472184102,76.23691332117642
Primary Health Centre Alagappa Nagar,Hospital,10.433073574301572,76.29319903591885
St.Antony's Mission hospital,Hospital,10.41700508588547,76.15426591317042
Daya General Hospital & Speciality Surgical Centre,Hospital,10.5459345545695,76.21487282015829
Marina Hospital,Hospital,10.347535343875416,76.21912703046839
Santhi Nursing Home,Hospital,10.680935348952756,75.99081936170892
Community Health Centre Vadakkekkad,Hospital,10.662712393455758,76.00351073052408
Community Health Center,Hospital,10.533591564119403,76.08438730713458
Primary Health Centre 24*7 Varavoor,Hospital,10.715613857861054,76.21210153986081
Community Health Centre Elinjipra,Hospital,10.330741924613095,76.35155437442577
"Athreyam Ayurveda Hospital, Pampady",Hospital,10.74507568695156,76.44591906667944
"Govt. Homoeo Dispensary, Alagappanagar",Hospital,10.435163036411442,76.28946750837854
tesla hospital,Hospital,10.428659378129316,76.28751858681282
Mugal Ayurveda Hospital Ground,Hospital,10.238661415396448,76.17465656128586
Primary Health Centre elavally,Hospital,10.574999429163825,76.07639171241354
COMMUNITY HEALTH CENTRE KATTOOR,Hospital,10.38719621146068,76.15930331084495
FAMILY HEALTH CENTRE KODAKARA,Hospital,10.376334076033164,76.30828933913396
"Taluk Headquarters Hospital, Irinjalakkuda",Hospital,10.347443981203837,76.21773811410642
Community Health Centre Erumapetty,Hospital,10.679873704118368,76.15725792434115
Primary Health Centre Meloor,Hospital,10.30020715511451,76.38610467749398
Primary Health Centre Chowannur,Hospital,10.64252085,76.10833034999999
Primary Health Centre Kadangode,Hospital,10.682313872982208,76.12339363161988
Community Health Centre Valapad,Hospital,10.4005457386696,76.11768668767321
Primay Health Centre Veloorkkara,Hospital,10.305835663963416,76.24792865456094
"Family Health Centre 24*7, Panjal",Hospital,10.719664263782436,76.31569459723356
Astro Health Care,Hospital,10.36519548317286,76.21992466930315
PRIMARY HEALTH CENTER PORATHISSERY,Hospital,10.380110813313426,76.23462980447849
Public Health Centre,Hospital,10.348827213837197,76.24246535765516
P N A yurvedasramam,Hospital,10.233210842800537,76.15416495752984
Family Health Center,Hospital,10.641683268569954,76.17499107295171
Government Ayurveda hospital Chelakkara,Hospital,10.689481784209638,76.3536678011925
Aripalam Hospital,Hospital,10.299880598422252,76.19420369417118
Family Health Center Edalamkunn,Hospital,10.699908553894543,76.27557346663717
Community Health Centre Perinjanam,Hospital,10.319400205399706,76.15341957870142
Government Ayurveda Hospital,Hospital,10.467742149999998,76.18518974999999
Jubilee Ayurveda Mission Hospital,Hospital,10.559121879737592,76.23411860429759
Hospice and Daycare Centre For Prolonged Treatment by Pain & Palliative Care Society,Hospital,10.515334899890686,76.1806401696375
Chalakudy Government Hospital,Hospital,10.296931892784889,76.34096133117258
CCMK Hospitals,Hospital,10.313401445759292,76.33702032258238
"Police Station,Chavakkad",Police,10.5831944,76.0228476
Irinjalakuda Sub Jail,Police,10.3472965,76.2171631
"Police Station ,Cherpu",Police,10.4405044,76.2107543
Chelakara Police Station,Police,10.6947064,76.3351887
"Police Station,Kunnamkulam",Police,10.6495067,76.0706512
Mala Police Station,Police,10.2398306,76.266745
"Police Station,Cheruthruthy",Police,10.74773,76.2748146
"Police Station, Ollur",Police,10.4747716,76.2420443
Police Aid,Police,10.6137876,76.1956952
Police Dog Squad Thrissur,Police,10.5561828,76.2265405
"Office of The Deputy Commandant, Dist. Armed Reserve, Ramavarmapuram,Thrissur",Police,10.5565513,76.2272391
Chalakudy Police Station,Police,10.3015307,76.3393046
Subsidiary Central Police Canteen,Police,10.5602389,76.235732
Sub Inspectors Quarters,Police,10.5602378,76.235584
dysp ofiice,Police,10.6496342,76.0706263
permangalam police station,Police,10.5701199,76.1637733
"Police Station,Erumapetty",Police,10.6808091,76.1657315
Office of the Circle Inspector of Police,Police,10.6610816,76.2462231
wadakancherry police station,Police,10.6610555,76.2463901
Peramangalam Police Station,Police,10.5675569,76.1650492
"Police Station,Gurvayoor Temple",Police,10.5923399,76.0400258
peringottukara police outpost,Police,10.4168236,76.1347083
Railway Protection Force Circle office,Police,10.5157414,76.2083008
"Traffic Police Station,Thrissur",Police,10.5176429,76.2161952
"Police Station,Guruvayoor",Police,10.6059733,76.0761792
"Police Station,Valappad",Police,10.4021352,76.1127282
Anthikkad Police Station,Police,10.4602852,76.1204473
"District Police Chief,Thrissur Rural",Police,10.5214758,76.1899913
Superintendent of Police Rural Camp Office,Police,10.5235355,76.1891256
Erumapetty Police Station,Police,10.6808845,76.1659994
Kerala Police Academy,Police,10.5598647,76.2343688
"Police Station,Vellikulangara",Police,10.3634858,76.4083905
Vazhachal Check Post,Police,10.3012635,76.590674
"Police Station ,Peramangalam",Police,10.567174,76.1656066
Erumapetty Police Station,Police,10.6808654,76.1660341
"DYSP office, ward 4",Police,10.2266986,76.1962676
Kunnamkulam Police Station,Police,10.6475957,76.0678699
"Police Station ,Chelakkara",Police,10.6946031,76.3354249
"Police Station ,Anthikad",Police,10.4605558,76.1203147
"Police Station ,Kaipamangalam",Police,10.3366501,76.1187964
"Police Station ,Koratty",Police,10.2643144,76.3535341
"Police Station ,Viyyur",Police,10.558767,76.2308461
"Cyber Cell, Thrissur",Police,10.5188306,76.2157841
Railway Police Station,Police,10.5149681,76.2081629
"Cyber Crime Police Station ,Thrissur",Police,10.3663892,76.2196108
"Vanitha police station, Irinjalakuda",Police,10.3664319,76.219662
"Police Station ,Athirapilly",Police,10.2908165,76.5108412
tourism Police,Police,10.2888684,76.5693926
"Police Station, Irinjalakuda",Police,10.366261819318616,76.21930485045243
police aid post,Police,10.535249539416515,76.21189429979196
AGs office staff quarters,Police,10.523843533920656,76.16795118984535
KAP Battalion-1,Police,10.559704358223687,76.23055035957303
Kerala Police Academy,Police,10.565318842398677,76.23518229604586
"Police Station , Thrissur Medical College",Police,10.618946795137925,76.19734072077615
police aid post,Police,10.613716012724106,76.19531668592174
"Police Station,Peechi",Police,10.557228056683222,76.32714162048798
"Police Station ,Chalakudy",Police,10.301744811367866,76.33948105594732
"Police Station,Vadakkekad",Police,10.671169890000735,75.97963975748135
Azhikode Coastal Police Station,Police,10.188585680039363,76.17164631764837
Police Station,Police,10.61209275,76.0458572
"Coastal Police Station ,Munakkakadav",Police,10.5137535,76.03835469999999
Puthukad Police Station,Police,10.420435003684643,76.26898919535873
Pavaratty Police Station,Police,10.535849169757734,76.08458859476002
"police station ,Malakkappara",Police,10.2792257,76.8592646
Guruvayoor Temple Police Station,Police,10.597772949214631,76.03759215724617
Wadakkanchery Police Station,Police,10.661072300661392,76.24636948513026
"Police Station ,Wadakkanchery",Police,10.661256346314476,76.24619692645258
"Police Station ,Pazhayannur",Police,10.6844392,76.42663490000001
"Police Station,Kodakara",Police,10.364560948733372,76.31433786600749
"Police Station, Kattoor",Police,10.380290394074889,76.15146503084434
"Police Station , Thrissur East",Police,10.51858989183076,76.21538828303487
Anthikad Police Station,Police,10.4602699255089,76.12045021773778
"Police Station ,Mala",Police,10.23981233183023,76.26682197050897
Irinjalakkuda DYSP office,Police,10.36563606022798,76.21923957840369
Erumapetty Police Station,Police,10.681003670825197,76.16557419882918
"Police Station,Kodungallur",Police,10.2281927552928,76.19775646096534
"Police Station ,Aloor",Police,10.341250427463942,76.281044255601
Cherpu Police Station,Police,10.440477941811334,76.21065495407498
"Police Station,Puthukkad",Police,10.416117568351654,76.27135740004785
Vellikulangara Police Station,Police,10.36353300331934,76.40841783760281
"Police Station ,Varandarappilly",Police,10.420108373270631,76.3416731767749
"Police Station,Mathilakam",Police,10.29002846195945,76.16754997162299
"Police Station, Vatanappally",Police,10.468850719957622,76.0842740894346
"DYSP Office Kodungallur, ward 4",Police,10.22672347153176,76.19625900594241
"Police Station, Nedupuzha",Police,10.4992095,76.21083425
"Police Station, Mannuthy",Police,10.535819976350613,76.26415823088816
"Police Station ,Pavaratty",Police,10.535210015572336,76.0846712297808
"Police Station, Thrissur West",Police,10.521132192890288,76.19055557262378
Kunnamkulam Police Station,Police,10.64943246050451,76.07064120947298
FIRESTATION THRISSUR,Fire,10.5171301,76.217015
"Fire and Rescue Station, Kunnamkulam",Fire,10.6588303,76.067632
District Fire and Rescue Office Thrissur,Fire,10.5175017,76.2168719
Fire station,Fire,10.2396298,76.2053543
Fire Station Chalakudy,Fire,10.3014815,76.3379985
"Fire and Rescue Station, Viyyur",Fire,10.555849221917295,76.22375153492798
"Fire and Rescue Station, Kodungallur",Fire,10.239633849850646,76.20533500178195
"Fire and Rescue Station, Irinjalakuda",Fire,10.361285214988271,76.21326380812236
"Fire and Rescue Station, Wadakkanchery",Fire,10.665918763110318,76.25036524672635
Fire and Rescue Station,Fire,10.226087949245828,76.24948134139952
"Fire and Rescue Station, Valappad",Fire,10.40130218010464,76.1181302548715
Fire and Rescue Station Thrissur,Fire,10.55868078216738,76.2265372542004
"Fire and Rescue Station, Guruvayoor",Fire,10.594363578966032,76.04508644681228
"Fire And Rescue Station, Pudukkad",Fire,10.416575031152467,76.27136742202889
"Fire And Rescue Station, Mala",Fire,10.225388919828328,76.24908302585278
"Fire and Rescue Station, Kunnamkulam",Fire,10.658894787842051,76.06761881028112
Public health Centre,Hospital,10.8521376,76.0847308
CHC Neduva,Hospital,11.0768031,75.851873
Tirur Co-operative Hospital,Hospital,10.917233,75.9194211
BM Hospital,Hospital,11.1713474,75.9197016
Dr. Shamsudheen Thattayil's Clinic,Hospital,10.9839286,76.1073049
Janatha Clinic,Hospital,10.9840972,76.1071694
Mar Thoma Mission Hospital,Hospital,11.331648,76.2741342
Govt Vetinery Hospital,Hospital,11.113202,75.891678
PHC Kodakkad,Hospital,11.0854598,75.8714791
PHC Thayyilakkadavu,Hospital,11.0922315,75.8760107
"Manu Memorial Hospital, Manjeri",Hospital,11.1284545,76.1162278
Kottakkal PS Variar.s Ayurveda Hospital,Hospital,10.9988881,75.9869529
Daya Hospital,Hospital,11.1962065,76.134876
Pkm Hospital,Hospital,11.0981121,76.2278245
24x7 Govt Primary Health centre Palappetty,Hospital,10.6986389,75.9606899
sukapuram hospital,Hospital,10.7789104,76.0094647
"Community Health Center, Edappal",Hospital,10.7824283,76.0110118
Al Amal Hospital,Hospital,11.1621228,76.0486541
Kottakkal Arya Vaidyasala,Hospital,11.2761522,76.2244194
"Malabar Hospital, Joint Replacement Centre",Hospital,11.1245828,76.1109192
Relief Hospital and Trauma Centre,Hospital,11.1433594,75.9657046
Relief Hospital And Trauma Centre (Joint Replacement Centre) Bypass Road Kondotty,Hospital,11.143187,75.966018
Women and Child Hospital,Hospital,10.773185,75.9231299
ASK Vaidyasala,Hospital,10.9139266,76.2104682
University Health Center,Hospital,11.1348621,75.893462
District Hospital Blood Bank Manjeri,Hospital,11.1161394,76.1208512
malappuram district homeo hospital,Hospital,11.0558083,76.0914324
Tirur Mission Hospital,Hospital,10.9094692,75.9195744
PG Medical Trust Hospital,Hospital,11.2756228,76.2275682
B.M. Hospital,Hospital,11.2736374,76.2280007
A K G Memorial Co Operative Hospital,Hospital,11.046777,75.8631518
Almas Hospital,Hospital,10.9990036,75.9911013
Soorya Hospital,Hospital,10.889008,75.9255347
Daya Hospital,Hospital,10.9671499,75.8855443
Eranad Hospital,Hospital,11.3576616,76.3071352
Sacred Heart Multi Speciality Hospital,Hospital,11.3697303,76.3286734
Moulana,Hospital,10.9764846,76.225599
Govt.Women and children hospital ponnani,Hospital,10.7705621,75.9238612
TB Hospital Ponnani,Hospital,10.7699526,75.9243466
Ponnani Muncipal Dialysis & Research,Hospital,10.7702074,75.9242151
Al Manara Eye Care Hospital,Hospital,10.9172132,75.9190342
Manzar Saeed - Consultant - Optegra Eye Health Care,Hospital,10.917126,75.919126
(Holy Cross Hospital Pvt. Ltd)Prashanthi Hospitals,Hospital,11.117237,76.1216674
Shifa Acupuncture,Hospital,11.1205291,76.120436
EMC hospital,Hospital,11.2202968,76.1418238
shanthi hospital,Hospital,10.9004817,76.1907867
Exa institution,Hospital,11.2167716,76.1411196
mercy hospital,Hospital,11.1484518,75.9615137
EMC,Hospital,11.2205163,76.1414622
Govt.Taluk Hospital Areacode,Hospital,11.2339412,76.049855
Parappanangadi Government Fisheries Hospital,Hospital,11.0558479,75.8498586
Govt.Community Health Center,Hospital,11.2116895,76.1482788
Govt. Hospital Othukkungal,Hospital,11.0265414,76.0301869
Govt Primary Health Centre Odakkayam,Hospital,11.2394003,76.0829001
Govt Community health Centre Karuvarkundu,Hospital,11.1230379,76.3344103
Govt.TB Hospital,Hospital,10.7700293,75.9241264
"District TB Centre, Manjeri",Hospital,11.1375015,76.1152333
24x7 Govt Primary Health centre Vazhayur,Hospital,11.2232104,75.9015049
Government Primary Health Centre Othukkungal,Hospital,11.0269287,76.0295522
Govt Community Health Centre Kottakkal,Hospital,10.9945769,75.996115
government public health centre cheriyamundam,Hospital,10.9346754,75.9473038
government medical hospital,Hospital,11.1518038,75.9626497
Government Primary Health Centre Mampad,Hospital,11.2434966,76.1829522
Ayush Primary Health Centre Triprangode,Hospital,10.8511376,75.9412994
"Primary Health Centre, Ponmundam",Hospital,10.9530992,75.9467552
Govt Primary Health Centre Iringallur,Hospital,11.0306447,75.9988199
Govt Primary Health Centre Tanalur,Hospital,10.951253,75.9134369
Govt Primary Health Centre Chelembra,Hospital,11.1483256,75.8760631
"Primary Health Centre, Athavanad",Hospital,10.8728035,76.016519
Govt Primary Health Centre Nediyiruppu,Hospital,11.1281909,75.9753688
Primary Health Centre Pookottur,Hospital,11.1072315,76.0547033
Govt Primary Health Centre Muthuvalloor,Hospital,11.1893454,75.9763756
Govt Primary Health Centre Nannambra,Hospital,11.0153234,75.9098937
Govt Primary Health Centre Keezhattur,Hospital,11.0499763,76.2299666
"Harrison Medical Centre, Edarikode",Hospital,10.99568,75.9827206
"Government Primary Health Centre ,Vettathur",Hospital,11.01458,76.2960404
Govt Primary Health Centre Edappatta,Hospital,11.0732076,76.318896
Govt Primary Health Centre Perumpadappu,Hospital,10.7020918,76.0052018
Govt Primary Health Centre Maranchery,Hospital,10.730256,75.9627472
Govt Primary Health Centre Nannammukku,Hospital,10.728998,76.0389454
Government Public Health Centre Amarambalam,Hospital,11.2512326,76.3076356
Relief Multispeciality Dental Clinic,Hospital,10.9017977,76.1912923
Government Public health centre Chemmalasseri,Hospital,10.9263336,76.1835451
Family Health Centre AR Nagar,Hospital,11.0700592,75.9445871
Govt Family Health sub Centre Ozhur,Hospital,10.9789932,75.9016842
Govt Family Health Centre Ponmala,Hospital,11.0011031,76.0551272
Govt Family Health Centre Vattamkulam,Hospital,10.7932184,76.0278458
Govt Family Health Centre Pandikkad,Hospital,11.0920833,76.2218841
Govt Family Health Centre Chokkad,Hospital,11.2354387,76.3555382
Relief hospital and traumacare,Hospital,11.143364,75.965702
Mercyhospital,Hospital,11.148938,75.9607895
"Sesix Hospital, Vidyanagar Masjid Al-Rahman",Hospital,11.1166196,75.951744
Ayur Malabar Ayurveda Hospital,Hospital,11.2489464,75.9512097
Al Marjan Group of Kottakkal Ayurveda & Punchakarma Hospital,Hospital,11.0006177,75.9852518
Medcity Hospital,Hospital,10.7824086,75.9342398
Kottakkal Arya Vaidya Hospital,Hospital,10.8902877,76.0708351
Family Dental Hospital,Hospital,10.9747563,75.8775637
Ahalia Eye Hospital,Hospital,10.78793,75.948677
Chest 'N' Child Care,Hospital,10.9005747,75.9259383
"Bin's Ayurveda Hospital And Pharmacy, Maranchery",Hospital,10.743699,75.977838
Al Rayhan Eye Hospital,Hospital,11.1434267,75.967046
Karuna Cancer Hospital,Hospital,11.0378158,75.8820895
Imran's Eye Hospital,Hospital,11.043028,75.9109061
Niramaya Hospital,Hospital,10.7707153,76.014927
Ayurgreen Hospital,Hospital,10.8036567,76.0065401
Unity Mission Hospital,Hospital,10.974701,75.877921
Government Women and Children Hospital,Hospital,10.765961,75.9312881
Rayhan Eye Hospital,Hospital,10.9140939,75.9238329
Kottakkal Unani Hospital & Hijama Centre,Hospital,10.99625,75.984569
DMS Hospital,Hospital,11.113724,75.890416
P. K. H. Memorial Hospital,Hospital,10.888279,75.929341
Hygiene Naturopathy Hospital,Hospital,11.026112,75.885727
Nadakkavil Hospital,Hospital,10.8935928,76.0749286
CH Memorial Hospital,Hospital,10.8912361,76.07412
Alshafi Kottakkal Ayurveda Hospital,Hospital,11.005638,76.0281404
Community Health Centre Tanur,Hospital,10.9770758,75.8711613
Neeli Hospital,Hospital,10.8841212,75.9336679
Trinity Eye Hospital,Hospital,10.907957,75.9207079
Ponnani Modern Hospital,Hospital,10.810921,75.959559
Kumber Hospital,Hospital,10.881001,76.0797879
Nasiya Hospital,Hospital,11.0733939,75.8543352
Lailas Hospital,Hospital,11.043402,75.911336
Ayur Shafi Hospital,Hospital,11.1061023,75.8914429
Aksaa Eye Hospital,Hospital,11.148068,75.963593
PKM Hospital,Hospital,11.0982679,76.2277987
Fathima Hospital,Hospital,11.2258716,76.3293323
Kattukulangara Ayurveda Hospital,Hospital,11.2477377,76.0503874
Neo Hospital,Hospital,11.0950461,76.2207669
ITEES Eye Hospital,Hospital,11.051178,76.0717491
Nellikkuth Medical Care Hospital,Hospital,11.107647,76.1812284
Craft Hospital,Hospital,10.960172,76.229136
Jas Hospital,Hospital,11.243696,76.297523
Ayurveda Hospital,Hospital,10.9269791,76.3208648
St.Mary's Hospital,Hospital,10.9531907,76.3110247
District Hospital Perinthalmanna,Hospital,10.975167,76.233071
Al Salama Hospital,Hospital,11.059591,76.274264
Grace Homoeo Hospital,Hospital,11.24628,76.046208
"Urban Primary Health Centre, Nilambur",Hospital,11.295778,76.261075
JJ Hospital,Hospital,10.9710074,76.2271572
Royal Unani Hospital,Hospital,11.0605473,76.2720509
Alnas Hospital,Hospital,11.2467953,76.0474596
"Ernad Hospital, Manjeri",Hospital,11.118954,76.117957
Manassanthi Hospital,Hospital,11.1756111,75.8919122
Aspel Hospital,Hospital,11.231308,76.117833
Ascent ENT Hospital,Hospital,10.9765737,76.2208719
Alhaya Unani Hospital,Hospital,11.0962921,76.2231202
Uranus Kerala Unani Hospital,Hospital,11.1222717,76.1259484
Waltz Hospital,Hospital,10.974391,76.237917
Al Ain Eye Hospital,Hospital,11.2833024,76.2366494
Armc Aegis Hospital,Hospital,10.9800163,76.2203051
Ayurbin Ayurvedic Hospital,Hospital,11.06549,76.27518
Vasan Eye Care Hospital,Hospital,11.0430339,76.076852
AVM Hospital,Hospital,11.2871939,76.2405112
Govt. Ayurveda Dispensary,Hospital,10.9423716,76.1446084
Health Sub Center Erkkara,Hospital,10.9601169,76.0272202
Co operative hospital,Hospital,11.1295252,76.0030136
TIRUR NURSING HOME,Hospital,10.9139999,75.9225014
Homeohosital,Hospital,10.9998631,76.0735491
"TreeG eye Care Hospital, Manjeri",Hospital,11.1157017,76.1194573
CHERUKAV AYURVEDA DISPENSARY,Hospital,11.1721339,75.8981693
AYIKKARAPPADI HEALTH SUB CENTRE,Hospital,11.1721687,75.8981031
CHERUKAV HOMEO DISPENSARY,Hospital,11.172912,75.917915
PHC CHERUKAVU,Hospital,11.2015133,75.8997726
"Taluk Headquarters Hospital,  Nilambur",Hospital,11.3353679,76.2867793
GOVERNMENT UNANI DISPENSARY,Hospital,11.2450017,75.9758135
Pulamanthole Eye Centre,Hospital,10.9008507,76.1930627
Fathima hospital,Hospital,11.3122635,76.2106886
Al Abeer Medical College Proposed site,Hospital,11.0871073,76.0811376
Private homeopathy centre,Hospital,11.2425745,75.9245633
Grace poly clinic,Hospital,10.9699975,75.9657468
Drshanib's CITY DENTAL CLINIC& ORTHODONTIC CENTER,Hospital,10.9012722,76.1920044
ABHAYA HOMEO CLINIC,Hospital,10.9014503,76.1923574
Govinda pharmacy,Hospital,10.9015356,76.19138
sub primary health center,Hospital,10.9709907,75.9466018
Nahas hospital,Hospital,11.053123,75.855537
paliative care,Hospital,10.9534973,75.9475563
Family Health center Vazhakkad,Hospital,11.2472789,75.9512919
Government Ayurveda hospital Akkode,Hospital,11.234264,75.9160776
Health Sub Center Mundumuzhi,Hospital,11.2456,75.9350991
Ashi Hospital Edavannappara,Hospital,11.2455057,75.9774977
Health Subcenter Elamaram,Hospital,11.257323,75.9715741
d,Hospital,11.1142111,75.8905278
kmcc palitive center,Hospital,10.9200464,75.8932097
sub primary health center cheriyamundam,Hospital,10.9492384,75.9480279
goverment ayurvedha dispencery,Hospital,10.9495772,75.9480757
thennala public health center,Hospital,11.0004837,75.93512
Women & Child Ponnani,Hospital,10.7748475,75.9405082
"Community Health Centre, Peruvallur",Hospital,11.1040174,75.9251656
"Family Health Centre, Vazhikkadavu",Hospital,11.385895,76.3447932
homeo dispensery,Hospital,10.8814379,76.1123792
phc sub center,Hospital,11.026206,75.92494
phc sub center,Hospital,10.9950096,75.9108738
ayurvedha dispencery,Hospital,10.9901095,75.9118108
phc sub center,Hospital,10.9973174,75.9193815
veterinary clinic,Hospital,11.0958971,76.2180721
sub public health  center,Hospital,10.9924933,75.9023417
Health sub center,Hospital,11.0529748,76.2310589
Al salama hospital,Hospital,11.0181997,76.2296456
A.C.C.S Sub Sub center,Hospital,11.2035904,76.0115142
Shafi ayur center,Hospital,11.0196335,76.2304124
E-arogya kendra,Hospital,11.0142235,76.0180811
SUB CENTER PHC,Hospital,11.0852475,75.9667063
Thiruvali Hospital,Hospital,11.2011821,76.1799118
Primary Helth Center Peleppuram,Hospital,11.1565716,76.1799163
"Government Homeo Clinic, Thiruvali",Hospital,11.1993073,76.188066
CHC Purathur,Hospital,10.8280813,75.9223985
PHC VETTAM,Hospital,10.8756259,75.8988974
PHC,Hospital,10.9672278,76.0908647
mes hospital,Hospital,10.9072293,75.8901705
Primary Health centre 24*7 Aliparamba,Hospital,10.9239281,76.3204144
"Govt .Ayurvedic Hospital,Mundakkulam",Hospital,11.1881117,75.9726224
Pain and Palliative Care Unit,Hospital,11.2081243,76.0424172
Pain and Palliative Care unit Vilayil,Hospital,11.208724,76.0091901
Primary Health Centre Kannamangalam,Hospital,11.0942849,75.9639925
Primary Health Centre Valanchery,Hospital,10.893789,76.0759141
"Urban Primary Health Centre, Ponnani",Hospital,10.7735257,75.9259322
"Urban Primary Health Centre, Panakkad",Hospital,11.0514305,76.0379315
"Pothukallu Government Homeo Dispensary, Pothukallu",Hospital,11.4058712,76.251707
Therattammal Paliative Care Clinic,Hospital,11.247811,76.04987
F H C Odakkayam,Hospital,11.2395722,76.0829318
"Urban Primary Health Centre, Vattekode",Hospital,11.1023317,76.1392261
govt aurvedhic hospital chaliyappuram,Hospital,11.2524557,75.9787761
"Urban Primary Health Centre, Annara",Hospital,10.8987933,75.9139042
Enbichi Baba Memorial Ayurveda Hospital,Hospital,10.7446097,75.9347838
"Athani Bhavan, Pliative Clinic",Hospital,10.9284456,75.9308725
HOMEO DESPENSARY NEAR ITI,Hospital,11.2228927,76.0370935
Health centre,Hospital,11.2530286,76.269737
Government Taluk Headquarters Hospital,Hospital,11.0413873,75.9123628
Govt. Ayurveda dispensary,Hospital,11.3365994,76.3143549
Ayurgreen Hospital Kavilppadi,Hospital,10.8039744,76.0076344
Sub Centre,Hospital,11.2170367,76.2195642
ACS hospital,Hospital,11.310265,76.2087923
Govt Ayurvedic Hospital,Hospital,11.3180136,76.196954
maas homeo clinic,Hospital,10.9276279,76.277908
True Life Hospital Karulai,Hospital,11.2862406,76.2973998
FHC Eranhimangad,Hospital,11.3070543,76.2174872
BENZY HOSPITALS,Hospital,10.7821254,75.9343269
All Salam Hospital,Hospital,10.8959561,76.0628321
Alfa Medicare Hospital,Hospital,10.9046666,76.0980049
Garden Intergrated PMR Hospital Kottakkal,Hospital,11.0055525,75.9846707
"MES Medical College, Perinthalmanna",Hospital,10.957425001320042,76.1753327165536
EMS Memorial Co-Operative Hospital & Research Centre,Hospital,10.976170799110353,76.2554109648594
"Taluk Head Quarters Hospital, Malappuram",Hospital,11.0404635324871,75.91240181731193
General Hospital Manjeri,Hospital,11.116242137060246,76.12093788018822
"Prasanthi Hospital, Manjeri",Hospital,11.115885591213944,76.11862720378438
P.M.S.A. Memorial Malappuram District Co-Operative Hospital Ltd.,Hospital,11.04345204356781,76.08155246091563
Taluk Head Quarters Hospital,Hospital,11.047300488193926,76.07316368793825
Christian Mission Hospital,Hospital,11.042184850854651,76.08207681954296
Orchid Hospital,Hospital,11.051480010444878,76.06966588277382
Tirur Nursing Home,Hospital,10.914061416526586,75.92224611764146
City Hospital,Hospital,10.919883416638324,75.9271508888264
"TreeG Eye Care Hospital, Manjeri",Hospital,11.115569203694122,76.11932728213209
Korambayil Hospital & Diagnostic Centre,Hospital,11.12317256662284,76.12572424570563
Arya Vaidya Sala Speciality hospital,Hospital,10.996739708090768,76.00874813012652
"Arya Vaidya Sala, Kottakkal",Hospital,10.99740541115562,76.00852103923751
"Taluk Headquarters Hospital, Ponnani",Hospital,10.774856360929178,75.92227074536368
Al Salama Eye Hospital Ltd,Hospital,10.973634353556758,76.23580567648412
District Hospital Perinthalmanna,Hospital,10.974127913684502,76.23197840311637
"Ramdas Hospital, Perinthalmanna",Hospital,10.975175516000766,76.23047827913456
Amina Hospital,Hospital,10.977605197126502,76.2236286004276
KIMS Al Shifa Hospital,Hospital,10.9845517669049,76.22376212647536
Maulana Hospital,Hospital,10.97971363442614,76.2260674407124
Amana Hospital,Hospital,10.843984671624172,76.0340231234928
"Ahalia Foundation Eye Hospital, Manjeri",Hospital,11.120856667258826,76.11222677943707
M. K. Haji Orphanage Hospital,Hospital,11.04142291713461,75.929828635396
Life Care Homeo Medical Centre,Hospital,11.043139572438688,76.15279823928007
Ayurveda Hospital-Mullanpara,Hospital,11.099898514986824,76.11632497443561
"Govt Hospital, Mudikkode",Hospital,11.084576230483425,76.18390029496658
Govt Homeopathic Hospital,Hospital,11.116560740645442,76.15296182546295
Sreevalsam Hospital,Hospital,10.765079809605576,76.00754281486776
Chaliyar Hospital,Hospital,11.28176861086792,76.24875236240672
Government District Hospital Nilambur,Hospital,11.276177613806889,76.22216478976839
Elamkulam Hospital,Hospital,11.276163297216565,76.22360150325422
Devi Nursing Home,Hospital,11.279241582348783,76.22895505682372
"Panakkad Said Muhammedali Shihab Thangal Smaraka General Hospital, Manjeri",Hospital,11.11642325295946,76.12003961849634
Kottakkal Arya Vaidyasala,Hospital,11.033142097382576,76.10333597597638
Taluk Hospital Kottakkal,Hospital,11.000869333669703,76.00812730753185
Kottakkal Aryavaidyasala Outpatient,Hospital,10.998754677546936,75.99241672435598
Aster MIMS Hospital,Hospital,10.995978227063564,75.99415313266243
Almas Hospital,Hospital,11.000095279964,75.99096019746835
"Ahalia Foundation Eye Hospital, Changuvetty",Hospital,10.998023891140488,75.98817129634617
HMS Hospital,Hospital,10.982984127653156,75.99858881480223
Neha Hospital,Hospital,10.99981189203996,75.99607313056269
"Family Health Centre, Chokkad",Hospital,11.235440440259795,76.35553939484399
"Family Health Centre, Pandikkad",Hospital,11.092092288326418,76.22190081635135
malappuram district homeo hospital,Hospital,11.05588565,76.09143699999998
M B Hospital,Hospital,11.053959026849148,76.08107839783834
"Primary Health Centre, Koottilangadi",Hospital,11.051864286413688,76.11091473768111
"Primary Health Center 24*7, Thevarkadappuram",Hospital,10.916594871125392,75.88777305286604
CSI Mission Hospital,Hospital,10.864245272296786,75.96933385717351
Thalakkadathur,Hospital,10.933819700510028,75.93522760790518
"Malabar Hospital, Manjeri",Hospital,11.124573809238504,76.11091940549424
Co-operative Hospital Kottakkal,Hospital,11.003202831742083,76.00439994627737
"Primary Health Centre, Moonniyur",Hospital,11.070020951426256,75.88514397277886
"Community Health Centre, Vengara",Hospital,11.049513943965753,75.98411041288846
"Urban Primary Health Centre, Kooriyad",Hospital,10.988297044350944,76.04491232425544
Santhosh Ayurveda Speciality Hospital,Hospital,11.11132362748472,75.83607221081962
"Primary Health centre  24*7, Vazhayur",Hospital,11.223207552556328,75.90150435130599
emc hospital,Hospital,11.22027455276334,76.14182511537769
Dawas laboratory and pharmacy,Hospital,11.151300123753018,75.91469232368344
Karunalaya,Hospital,11.197663842556954,76.22613153745166
SM Ayurvedic hospital and dental clinic,Hospital,11.188642560284151,76.23373720580189
Ayurvedic Hospital,Hospital,11.197341596838998,76.21692888698104
Community Health Center Kuttippuram,Hospital,10.853443000378029,76.03679505031215
"Taluk Hospital, Areekode",Hospital,11.233935367222031,76.04985599279739
"Community Health Centre, Edavanna",Hospital,11.211632253920518,76.14845534470567
"Community Health Centre, Chungathara",Hospital,11.3362641893446,76.28604040687658
"Community Health Center, Puzhakkattiri",Hospital,10.98414702691594,76.1404180308652
"Primary Health Centre, Edarikode",Hospital,11.005127580690775,75.9752452132306
"Community health Centre, Peruvallur",Hospital,11.120068716299244,75.94021528523898
"Community Health Centre, Kalikavu",Hospital,11.171319593275369,76.32428081302558
Govt Community health Centre Karuvarkundu,Hospital,11.12283050379037,76.33432304622437
"District TB Centre, Manjeri",Hospital,11.13752063395232,76.11522987688333
"Govt.Women and Children (W&C) Hospital , Ponnani",Hospital,10.770575739340618,75.9237026699118
"District TB Centre,Ponnani",Hospital,10.769944788774872,75.9242455766174
"Community Health Centre, Thrikkanapuram",Hospital,10.852154194350543,75.98390157528995
"Primary Health Center, Edakkara",Hospital,11.366512644325038,76.30029587811919
"Primary Health Centre,Trippanachi",Hospital,11.162313823130445,76.05207375023136
Malabar medical center,Hospital,11.141789504993412,75.96894300153289
"Primary Health Centre, Kaladi",Hospital,10.824576115145607,76.00135560016973
"Community Health Centre, Kottakkal",Hospital,10.994603980280766,75.99611410202758
"Primary Health Centre, Thuvvur",Hospital,11.117155871060625,76.29606069568116
"Primary Health Centre, Cheriyamundam",Hospital,10.934686984991972,75.94728901163045
"Primary Health Centre,Porur",Hospital,11.176090638064966,76.17945454817219
"Primary Health Centre, Mampad",Hospital,11.243498174205198,76.1829586547626
Govt Primary Health Centre Triprangode,Hospital,10.85110732776475,75.94132285188344
"Primary Health Centre, Thennala",Hospital,11.000467312237964,75.93512552154831
"Primary Health Centre, Othukkungal",Hospital,11.026962447867556,76.02954797632924
"Primary Health Centre, Iringallur",Hospital,11.030668171248363,75.99881963371837
Ponmundam Health Centre,Hospital,10.953118099419752,75.9467314816792
"Primary Health Centre, Perumanna klari",Hospital,10.99406843242525,75.9531921874351
"Primary Health Centre, Tanalur",Hospital,10.951139236732454,75.91344662650762
Primary Health Centre Chelembra,Hospital,11.14833817407938,75.87606203932918
"Primary Health Centre, Athavanad",Hospital,10.872785291404307,76.01651352953766
Govt Primary Health Centre Kizhuparamba,Hospital,11.24936323685561,76.01943498248416
"Primary Health Centre, Muthuvalloor",Hospital,11.189327330153436,75.97640038744386
"Primary Health Centre, Nannambra",Hospital,11.015321494680798,75.90990622509729
"Primary Health Centre,Elamkulam",Hospital,10.90934471826106,76.23005332312864
"Primary Health Centre, Edappatta",Hospital,11.073210507152012,76.31889481530528
"Primary Health Centre, Perumpadappu",Hospital,10.702088319112272,76.00519962236056
"Primary Health Centre, Nannammukku",Hospital,10.729012013549095,76.03894802118116
"Primary Health Centre, Moorkkanad",Hospital,10.933232004937029,76.1389526485391
"Primary Health Centre, Makkaraparamba",Hospital,11.02751548411567,76.11812206745365
diasman,Hospital,11.142086428827852,75.97148510751971
"Primary Health Centre, Amarambalam",Hospital,11.251257505846974,76.30764101018428
"Primary Health Subcentre, Kuttukad",Hospital,11.325951890164616,76.31153568626952
"Family Health Centre, Kuzhimanna",Hospital,11.179435286402992,76.0029602985933
"Family Health Centre,Morayur",Hospital,11.133360758863976,76.01729725691212
Family Health Centre Thazhekkode,Hospital,10.959414622914016,76.31628335717879
Govt Family Health Centre A.R Nagar,Hospital,11.070061137566128,75.94458964586097
"Family Health Centre, Vattamkulam",Hospital,10.793220045384045,76.02786022810174
"Family Health Centre, Ponmala",Hospital,11.0011103123865,76.0551288835927
Family Health Centre Pang,Hospital,10.967228473555556,76.0908571069093
Relief hospital,Hospital,11.143411559192256,75.96578713309955
Primary Health centre Pothukund,Hospital,11.0283131,76.13795965
"Daya Hospital, Kalikavu",Hospital,11.171117827540185,76.32106140645666
Peoples Hospital,Hospital,11.244296716171345,76.300785858147
Prasanth,Hospital,11.068971117265043,75.85424247866389
"Community Health Centre, Neduva",Hospital,11.076933358718554,75.85190256531537
Nahas hospital,Hospital,11.053793450419631,75.85540541449205
Al Salama Hospital,Hospital,11.2885361941842,76.29711978216996
Government Medical College Hospital Manjeri,Hospital,11.116298547812663,76.12065770786144
Govt Primary Health Centre Atteeri,Hospital,11.010870491839272,76.00543779088662
pkm hospital,Hospital,11.098172756269696,76.22782283080677
Kalliyath hospital,Hospital,10.92499831897106,75.91318562404254
Perinthalmanna Nursing home,Hospital,10.97709705975865,76.22274077346444
Government Health Centre Kuzhimanna,Hospital,11.175441905462687,76.00547057682736
Iqraa Hospital Vazhakkad,Hospital,11.248160884427833,75.95089890105325
Health Sub Center Erkkara,Hospital,10.960083506711806,76.0271806087296
"Community Health Centre, Karuvarakundu",Hospital,11.1123259350053,76.34434152169773
"Taluk Head quarters Hospital, Kondotty",Hospital,11.151690144533656,75.96276711505459
Vattaloor Homeo Dispensary,Hospital,11.002561794115396,76.1126295557059
Almas Clinic,Hospital,11.018157814973678,76.28627739936671
Sunrise Hospital Changaramkulam,Hospital,10.73339450893514,76.03116472100163
govt hospital ponmala,Hospital,11.00180568196838,76.05309074238437
Imbichibava Memorial Hospital Parking,Hospital,10.8570345744843,75.93964153277068
Praanadha Ayurveda Hospital,Hospital,10.728299591302669,76.01413611235039
Prashanthi Hospital,Hospital,11.357922766978202,76.30707113650533
"Nims Hospital Ground, Wandoor",Hospital,11.19281777535041,76.24470741546068
Hospital Ground,Hospital,11.08228636187362,75.95180193863968
Community Health Center Mnakada,Hospital,11.0166759577973,76.17537059880425
"Family Health Centre, Pulikkal",Hospital,11.171467220385972,75.93803704233679
Government Homio Dispensary Vellayur,Hospital,11.150988733406528,76.28511748005947
Rayhan eye hospital,Hospital,10.785834981282909,76.0095596034066
public health center ozhur,Hospital,10.977429839537296,75.935737104899
"Safa Hospital, Kalikavu",Hospital,11.16916973473933,76.32930678481137
"Primary Health Centre,chemmalassery",Hospital,10.926325524560117,76.1835628949024
SRD Ayurveda Hospital & Medicine Manufacturers,Hospital,10.899912373594802,76.19791830788006
"Community Health Centre,Mankada",Hospital,11.01679186371185,76.17259585604623
"Family Health Centre, Thirunavaya",Hospital,10.891882638115742,75.98955951457458
"Primary Health Centre, Irimbiliyam",Hospital,10.875154250196386,76.10093391217066
"Community Health Centre, Melattur",Hospital,11.052060295676691,76.28175190213013
primary health  sub center,Hospital,11.011198851422929,75.95268604770436
medi care,Hospital,10.879796613686183,76.0992486543208
"Govt. Homoeo Dispensary, Pookkottur",Hospital,11.09492097591398,76.06498271053765
phc sub center,Hospital,11.026198952404568,75.92494376184953
sub center phc,Hospital,10.995003140691043,75.91087525881305
ayurvedha dispencery,Hospital,10.990104034667205,75.91181263699924
sameeksha,Hospital,10.990355065100673,75.91142714779528
phc sub center,Hospital,10.997304947569688,75.91938548969654
honeo dispencery,Hospital,11.006626343124156,75.92251326672806
modern hospital,Hospital,11.012479655553769,75.95318237436153
"Family Health Center, Edayur",Hospital,10.921473023656024,76.07588576058629
Government hospital Edappal,Hospital,10.783850326082645,76.00121997699874
"Primary Health Centre, Triprangode",Hospital,10.851118205610298,75.94137401434719
"Primary Health Centre, Chaliyar",Hospital,11.313338467543687,76.21044674658167
"Primary Health Centre 24*7, Pothukal",Hospital,11.400457949069017,76.25081689652971
"Family health Centre, Athanikkal",Hospital,11.129272846270426,75.85094790428124
"Primary Health Center 24*7, Vazhakkad",Hospital,11.24724563206238,75.95124235085756
"District Hospital, Tirur",Hospital,10.912011741627015,75.9221599001891
Ashupathry parambu,Hospital,11.158707455442489,75.87092340135509
Isha clinic,Hospital,11.062255267367938,76.21869204682295
"Primary Health Centre, Karulai",Hospital,11.287378616100757,76.2988694602307
"Family Health Centre, Alankode",Hospital,10.736687507272626,76.03294770148824
"Community Health Centre, Valavannur",Hospital,10.937284129867566,75.97596977877859
"Family Health Centre, Ozhoor",Hospital,10.979002525852774,75.90174910094751
"Community Health Center, Maranchery",Hospital,10.733790024537685,75.97364707156147
PHC VETTAM,Hospital,10.875604501667455,75.89891079698101
"Primary Health Centre, Aliparamba",Hospital,10.923909290965826,76.32044840076261
"Police Hospital, Malappuram",Hospital,11.040442157528563,76.09140850948354
"Primary Health Centre, Pookottur",Hospital,11.107376365851996,76.05476120618768
"Primary Health Centre, Kannamangalam",Hospital,11.094303495304898,75.96396924785053
"Primary Health Centre, Valanchery",Hospital,10.894040851793214,76.0762450372527
"Primary Health Centre, Pallikkal",Hospital,11.135961171449082,75.92539115652885
"Community Health Centre, Melattur",Hospital,11.052039738699593,76.28158226198386
Government Ayurveda Hospital Malappuram,Hospital,11.047748040354936,76.04807764912037
Indianoor Medical Centre,Hospital,10.985239846618253,76.04237207640791
Endodiac Diabetic Hospital,Hospital,10.960042155861125,76.23686896945708
newlife hospital vadapuram,Hospital,11.25714772438784,76.19991652655116
new life hospital,Hospital,11.256975798850052,76.19991862672138
new life vadapuram,Hospital,11.257120577317478,76.19998233799124
Al Noor Hospital,Hospital,10.93353433948469,75.93493237672075
Safa,Hospital,10.936578284172567,76.0446068333848
IRINE HEALTHCITY,Hospital,10.995299112762586,75.99199290951522
"Police Station, Tirur",Police,10.9162808,75.922147
"Police Station, Thirurangadi",Police,11.0421918,75.9128448
"Police Station, Malappuram",Police,11.0461159,76.0758304
"Police Station, Pandikkad",Police,11.0960609,76.2229078
"Police Station, Kalpakanchery",Police,10.9398687,75.9762667
Police Station Vazhakkad,Police,11.2441695,75.9573277
Thozhuvanoor Desham,Police,10.8938458,76.0569117
"Police Station, Pookkoottumpadam",Police,11.2431992,76.3053798
"Police Station, Tanur",Police,10.9784318,75.875805
kondotty police station,Police,11.14583,75.9672676
"Police Station, Wandoor",Police,11.1960075,76.2351365
Edakkara Circle Office,Police,11.3574143,76.3066725
"Police Station, Valanchery",Police,10.8913473,76.0734448
"Police Station, Parappanangadi",Police,11.047768,75.8612859
"Police Station, Karipur",Police,11.1323952,75.9427691
"Police Station, Melattur",Police,11.0603269,76.2740638
"Police Station, Vazhikkadavu",Police,11.3801085,76.3415861
"Police station, Pothukal",Police,11.4056889,76.2528292
areekode police station,Police,11.2345293,76.050563
Tanur Police Head Quaters,Police,10.9746031,75.8799145
Police Station,Police,11.0206904,75.9339876
DYSP Office,Police,11.2735982,76.2183618
Malabar Special Police,Police,11.2314357,76.0487314
Malabar Special Police Camp,Police,10.99622380059224,75.95815751916447
Police quarters,Police,10.976188255709223,76.22753672910538
Police quarters,Police,10.976229382286304,76.22737211826569
Police quarters,Police,10.976271999999998,76.22720115
"Police Station, Nilambur",Police,11.27789225910979,76.22744731722877
"Police Station, Manjeri",Police,11.112288240153978,76.12132592557646
District police head quarter,Police,11.055735205083318,76.10765726180958
"Police Station, Kadampuzha",Police,10.94239195,76.04582235000001
"Police Station, Edavanna",Police,11.21011088647776,76.14954914966805
"Police Station, Karuvarakundu",Police,11.12071355281375,76.33520572114746
"Police Station, Kottakkal",Police,11.000398491696066,76.00737620796492
"Police station, Kolathur",Police,10.941041,76.14866105
"Police Station, Perinthalmanna",Police,10.975330036763902,76.22660566809955
"Police Station ,Vazhakkad",Police,11.2445243,75.95894505000001
Police Station Changaramkulam,Police,10.74246185,76.0307427
"Police Station, Kuttippuram",Police,10.853664431716595,76.03737694181075
"Police Station, Vengara",Police,11.051779544943434,75.98656782126038
Ponnani Police Station,Police,10.75691513067688,75.92894360463747
"Police Station, Mankada",Police,11.01559815,76.17690045
"Police Station, Edakkara",Police,11.359642866960575,76.30662431552655
"police station, Thenjipalam",Police,11.13568895,75.89546514999999
MSP Police Training Camp,Police,11.070381599548254,76.06514913359545
"Police Station, Kalikavu",Police,11.16900572938616,76.3208790943272
"Police Station, Kadampuzha",Police,10.93566735059576,76.04458241613034
"Police Station, Areecode",Police,11.23451885,76.0506122
Perumbadappu Police Station,Police,10.694655125051028,75.98885084318248
Tirur Sub Division Office,Police,10.9120566095635,76.04690992782088
Excise Range Office Tirur,Police,10.907776023069138,75.92329093865236
"Office Of The Deputy Superintendent Of Police, Perinthalmanna",Police,10.975893472451588,76.2269314150472
"Women Police Station, Malappuram",Police,11.03933255693155,76.08837752144014
"Cyber Crime PS ,Malappuram",Police,11.04209807110831,76.08755454315134
"Fire and Rescue Station, Manjeri",Fire,11.1091448,76.1198876
Government Fire Station,Fire,10.9938901,75.8680041
"District Fire and Rescue Office, Malappuram",Fire,11.052796671469656,76.09072765806582
Fire and Rescue Station Manjeri,Fire,11.109220519188645,76.11985890843799
"Fire and Rescue Station, Tirur",Fire,10.91298283908119,75.92482450068655
"Fire and Rescue Office, Thiruvali",Fire,11.201405065721278,76.17938128286275
"Fire & Rescue Station, Nilambur",Fire,11.27259023862403,76.22981407108495
Airport Fire Station,Fire,11.13911134926892,75.95359492741208
"Fire and Rescue Station, Perinthalmanna",Fire,10.973561930895752,76.23427589791892
"Fire and Rescue Station, Ponnani",Fire,10.76793539062672,75.92339995356832
Co-operative Hospital,Hospital,11.764102,75.4796778
Josgiri Hospital,Hospital,11.7593082,75.4787704
Thalassery Mission Hospital,Hospital,11.753946,75.4907223
Keerthi Hospital,Hospital,11.7496519,75.4902084
Telly Hospital,Hospital,11.7447392,75.5004319
Indira Gandhi Co-Operative Hospital,Hospital,11.7474506,75.5056658
Pariyaram Ayurvedic Hospital,Hospital,12.0733337,75.2880417
Pariyaram Medical College Hospital,Hospital,12.0712983,75.2935
"Mukunda Hospital, Payyanur",Hospital,12.1077541,75.2132268
"Saba Hospital, Payyanur",Hospital,12.1071395,75.2088719
"BKM Memorial Hospital, Payyanur",Hospital,12.1060495,75.2046223
"Payyanur Co-Operative Hospital, Payyanur",Hospital,12.106018,75.2099331
"Dr V C Nayanar Memorial Hospital(Dr Babu Eye Clinic), Payyanur",Hospital,12.1048088,75.2069602
Christu Raj Hospital,Hospital,11.8445053,75.5694395
Grace Hospital,Hospital,11.896209,75.8109423
Public Health Center Panoor,Hospital,11.7587406,75.5776654
Divine eye hospital,Hospital,11.9893786,75.6779282
Ashraya Hospital,Hospital,11.9328416,75.5754592
"Mercy Hospital, Payyavoor",Hospital,12.0629411,75.5826867
Leader K Karunakaran Memmorial Hospital,Hospital,12.2729814,75.3596716
Dhanalakshmi Hospital,Hospital,11.8775788,75.38213
Shemi Hospital,Hospital,11.7486766,75.4933141
Taliparamba Co-Operative Hospital,Hospital,12.0435898,75.37284
St. Joseph's Hospital,Hospital,12.1684866,75.46477
"Vasan Eye Care Hospital, Kannur",Hospital,11.8671724,75.366103
M.V.R. Ayurveda Medical College Hospital,Hospital,11.9890708,75.388195
S.M. Hospital,Hospital,11.8740535,75.3810999
Santhosh Hospital,Hospital,11.7504032,75.4934522
Community Health Center Mayyil,Hospital,11.9947131,75.4481531
Madhavrao Scindia Hospital,Hospital,11.8819481,75.3717765
Keyem Hospital,Hospital,11.9935691,75.4548499
District Homoeo Hospital,Hospital,11.8798136,75.3811656
"Urban Primary Health Centrre, Kolassery",Hospital,11.7694129,75.4969657
P.R Kurup Memorial Co-op Hospital,Hospital,11.764133,75.6184028
Mottemmal,Hospital,11.7612096,75.6403008
Homeopothic Clinic,Hospital,11.7550353,75.6154539
q,Hospital,11.7528969,75.4989539
Mobile Dispensary Taliparamba,Hospital,12.0379132,75.3615031
"Government Ayurveda Hospital, Payyanur",Hospital,12.1289302,75.2159239
SNDP hospital,Hospital,12.134072,75.3001746
mattul government hospital,Hospital,11.9715027,75.2844694
"Primary Health Care, Cheruvancheri",Hospital,11.8138976,75.6256969
"Family Health Centre, Cheruthazham",Hospital,12.0788019,75.2657812
"Family health centre, Kottiyoor",Hospital,11.8761013,75.8589014
"Family Health Centre, Valapattanam",Hospital,11.9281605,75.347721
"Primary health care, Kankol Alapadamba",Hospital,12.1794066,75.2456965
"Priyadarsini Hospital, Payyanur",Hospital,12.1087655,75.2094178
"Primary health centre, Therthally",Hospital,12.2086964,75.4098283
"family Health Centre, Muzhappilangad",Hospital,11.8025006,75.4442651
"Primary health care, Thillankeri",Hospital,11.9316395,75.6606636
"Primary health care, Kathiroor",Hospital,11.7863437,75.541526
"Primary health centre, Chuzhali",Hospital,12.0617624,75.4570596
"Primary health centre, Erammam",Hospital,12.1531157,75.3044944
"Primary health centre, Kunjimangalam",Hospital,12.0834666,75.2362457
"Primary Health Centre, Chalil",Hospital,11.7392203,75.4962665
"Primary Health Centre, Muttom",Hospital,12.0300677,75.2423647
"Primary health centre, Ettilkulam",Hospital,12.0154356,75.2078264
"Primary health centre, Ramanthali",Hospital,12.0643134,75.1983347
"Primary Health Centre, Chandanakampara",Hospital,12.1067839,75.6085361
"Primary health centre, Kuttiattor",Hospital,11.9692309,75.4918069
"Primary health centre, Kolachery",Hospital,11.9460771,75.4152546
"Primary health centre, Pamburuthi",Hospital,11.9649702,75.3853807
"Primary health centre, Eruvessy",Hospital,12.0699223,75.561948
Archana hospital,Hospital,11.9168254,75.7308582
"Primary health centre, Ezhome",Hospital,12.045765,75.3029347
"Primary health centre, Elayavoor",Hospital,11.8928457,75.3996824
"Primary health centre, Anjarakandy",Hospital,11.899381,75.5028377
"Primary health centre, Anjarakandy",Hospital,11.8576533,75.4615483
"Primary Health Centre, Mokeri",Hospital,11.7920727,75.5797442
"Community health centre, Oduvallithattu",Hospital,12.1372938,75.4405534
"Community health centre, Koottumugham",Hospital,12.0530469,75.5347971
"24×7 Primary health centre, Koodali",Hospital,11.9228113,75.4801866
"24×7 Primary health centre, Kelakam",Hospital,11.9001654,75.8131351
"24×7 Primary health centre, Udayagiri",Hospital,12.2364204,75.4827266
"24×7 Primary health centre, Parassinikadavu",Hospital,11.984397,75.4008169
"24×7 Primary health centre, Naduvil",Hospital,12.1228978,75.4801785
Govt. Tribal Dispensary kannavam,Hospital,11.8205852,75.6600941
"Primary health centre, Puzhathi",Hospital,11.903398,75.382096
"Primary Health Centre, Urathur",Hospital,12.0118099,75.6002904
"Primary health centre, Ulikkal",Hospital,12.0652211,75.6653271
"Primary health centre, Keezhalloor",Hospital,11.930651,75.5178292
"Primary health centre, Karikkottakari",Hospital,12.0009249,75.7550488
"Primary health centre, Vallithodu",Hospital,12.038912,75.7156867
"Primary health centre, Maloor",Hospital,11.890627,75.6767125
"Primary Health Centre, Kottayam Malabar",Hospital,11.8004026,75.5351744
"Primary health centre, Kadachira",Hospital,11.8337318,75.4461335
Varam Hospital,Hospital,11.8969193,75.4128205
CH Centre hospital,Hospital,11.8967382,75.4123967
"Family Health Centre, Morazha",Hospital,11.9983547,75.3410677
"Primary Health Centre, Chittariparamba",Hospital,11.8558345,75.6569042
"Primary health centre, Mangattidam",Hospital,11.8644012,75.5439857
"Primary health centre, Kanichar",Hospital,11.8810876,75.7681696
"Primary health centre, Kudiyanmala",Hospital,12.142408,75.5514683
Primary health centre Alacode(Manakadavu),Hospital,12.2232786,75.5020454
"Primary health centre, Cherukunnu (Punnachery)",Hospital,12.0014402,75.2873116
Primary health centre Edakkad,Hospital,11.8676452,75.4312355
Primary health centre Panniyannur,Hospital,11.7431679,75.5598337
dhanvanthari ayurveda hospital,Hospital,11.9106807,75.3659491
mahatma ayurveda hospital,Hospital,11.9172956,75.3558524
HNC Hospital,Hospital,11.9843543,75.5526466
Cyrus hospital,Hospital,11.898613,75.731237
Reshmi Hospital,Hospital,11.9010304,75.7328718
Clinic,Hospital,11.7634846,75.4808353
Comtrust Eye hospital,Hospital,11.7642126,75.4810085
"Govt.homeo dispensary,Ulikkal",Hospital,12.0399352,75.6663283
Lakshmi Memorial Hospital,Hospital,11.9297627,75.5726181
V.R.F Eye Hospital,Hospital,12.0456699,75.3694581
Mother and Child Hospital,Hospital,11.877058,75.376159
"Sradha Hospital, Payyanur",Hospital,12.1138866,75.2105083
JJS Hospital,Hospital,11.8809789,75.3739424
ESI Hospital,Hospital,11.836574,75.4193309
Shanthi Ayurveda Hospital,Hospital,11.938113,75.370081
Sahachari Medi City Hospital,Hospital,11.8732802,75.3831473
Ncare IVF Hospital,Hospital,11.8705007,75.3636144
St.Martin De Porres Hospital,Hospital,11.9945472,75.3133685
Beevi Hospital,Hospital,12.0181609,75.2622424
PKM Ayurveda Hospital,Hospital,12.040284,75.369327
S R Hospital,Hospital,11.9868458,75.5507782
City Maternity Centre,Hospital,11.7590826,75.4781975
Santhigiri Ayurveda and Siddha Hospital,Hospital,11.7563905,75.50228
Raman Memorial Hospital,Hospital,11.9872269,75.3105741
R Vision Eye Hospital,Hospital,11.9834608,75.6755069
Karuna Hospital,Hospital,11.754267,75.500101
Sunrise Eye Care Hospital,Hospital,11.8898226,75.3695701
Thulasi Malabar Hospital,Hospital,11.9907423,75.6742243
"Syrus Sky Super Speciality Hospital,Iritty",Hospital,11.982163,75.677026
Sarojini Marma Vaidyasala,Hospital,12.1342942,75.44088
Cimhans Hospital,Hospital,11.8416761,75.5676686
Karunya Hospital,Hospital,11.989542,75.676161
Dubai Hospital,Hospital,12.020275,75.243981
Jeevanam Ayurveda Hospital,Hospital,11.8889539,75.344245
Sreechand Speciality Hospital,Hospital,11.8714961,75.3593753
Ramsi Hospital,Hospital,12.0188795,75.2634117
Pavana Hospital,Hospital,11.8893749,75.4708916
Nivil Hospital,Hospital,12.0440311,75.5095145
Shemy Hopsital,Hospital,11.7457123,75.493856
"Jeevakeeyam Ayurvedic Research Hospital, Payyanur",Hospital,12.1087568,75.2101152
"Taluk head quarters hospital, Peravoor",Hospital,11.9135524,75.7197444
"Nikhila Homeo Clinic and Fertility Speciality Centre, Payyanur",Hospital,12.1079102,75.2151309
"The Payyanur Eye Foundation Super Speciality Eye Hospital, Payyanur",Hospital,12.1075364,75.2131088
"Meenakshiamma Memorial Hospital, Payyanur",Hospital,12.1055412,75.2064108
"Souparnika Ayurvedic Hospital, Payyanur",Hospital,12.0987809,75.210478
"Multi Speciality Dental Clinic, Payyanur",Hospital,12.105447,75.2055192
"DI Care Clinic, Payyanur",Hospital,12.1079352,75.2044439
"P R Ramavarma Raja Memorial Co-operative Hospital, Alakode",Hospital,12.1928696,75.4684975
"Deepa Hospital,Alakode",Hospital,12.1894552,75.4665914
"Aarogya upakendram, Pottanthode",Hospital,11.8778253,75.8250109
"Sidha Ayurveda Hospital, Ambayathode",Hospital,11.8677774,75.8818744
"Aayush phc, kannapuram",Hospital,11.989309,75.3066794
Kudumbakshema kendram,Hospital,11.9756133,75.3082267
ayurvedha hospital ground mundayamparambu,Hospital,12.0122443,75.7250144
Anamaya Hospital,Hospital,12.1166093,75.2097097
Dr. Janardhanan's Clinic,Hospital,12.1800728,75.1888686
MediLab,Hospital,12.1800917,75.1880108
MM Hospital Pappinisseri,Hospital,11.9419217,75.3446548
"Family Health Centre, Cherukunnuthara",Hospital,11.989395,75.3070273
"Community Health Centre, Azhikode",Hospital,11.9189302,75.3346572
"Government Homoeo Dispensary, Azhikode",Hospital,11.9207693,75.3351064
medi care hospital,Hospital,12.0438031,75.4282861
Irivery Medical Center,Hospital,11.9150228,75.4569047
Co-operative Hospital Koothuparamba,Hospital,11.8325189,75.5682506
"Primary health centre, Peringalam",Hospital,11.7192643,75.5862125
"Primary Health Centre, Chapparappadavu",Hospital,12.1205805,75.3976879
"24x7 Primary Health Centre, Koottumughm",Hospital,12.0525605,75.5306558
"Primary Health Centre, Kadachira",Hospital,11.8342899,75.4577275
"Primary Health Centre, Pallikkunnu",Hospital,11.8833612,75.3438158
phc pappinseri,Hospital,11.9479689,75.3549086
Family Health Centre,Hospital,12.0834914,75.2363728
"ayush phc homeo, muzhapilangad",Hospital,11.7974402,75.4518901
"Primary Health Centre, Padiyoor",Hospital,12.0005206,75.6278295
"Urban Primary Health Centre, Muthathi",Hospital,12.1200965,75.2518645
"Primary Health Centre, Aralam",Hospital,11.9452828,75.7843724
"Urban Primary Health Centre,  Myhanapalli",Hospital,11.8643909,75.3977354
"homeo sispensory, kuzhimbalode",Hospital,11.8876799,75.5014219
"Government Homoeo Dispensary, Mattool",Hospital,11.9500516,75.2979243
B M hospital,Hospital,11.8965239,75.4726697
"Subcentre, Madakara",Hospital,11.9624085,75.3047641
"Homeopathic Centre, Matool",Hospital,11.9958919,75.2689066
"Ayush Primary Health Center, Ezhome",Hospital,12.0510936,75.3276506
Government Ayurveda Dispensary,Hospital,12.0390261,75.2817072
ayush phc Kanhirode Homeopathy Health Centre,Hospital,11.9182832,75.4640899
ayush homeo,Hospital,11.9402185,75.4002277
"NCD FWC Clinic, Narikod",Hospital,12.0519596,75.3332338
"Government homeo dispencery, Sristha",Hospital,12.0524906,75.2865934
"N R H M ayurveda primary health centre, Cheruthazham",Hospital,12.0649088,75.2612478
"Vaidyanilayam, Pilathara",Hospital,12.0847017,75.2670079
"Keshava theeram Ayurveda hospital, Purachery",Hospital,12.100978,75.2525409
phc alakode,Hospital,12.2136636,75.4584645
phc Chapparapadavu,Hospital,12.1292622,75.4064257
"phc,chittariparamb",Hospital,11.8441136,75.6077608
ESI Dispensary Mangattuparambu,Hospital,11.9919084,75.3720642
Urban PHC,Hospital,12.1297063,75.2033614
Urban PHC Vellur,Hospital,12.1295578,75.2159001
"fhc,eramam kuttur",Hospital,12.1529745,75.3044938
Ayurveda tribal Hospital,Hospital,12.0011487,75.7552522
Ayurveda phc aralam,Hospital,11.9691091,75.7809208
"Ayurveda phc, Udayagiri",Hospital,12.2294353,75.4824714
"ayush phc,Karthikapuram",Hospital,12.2290828,75.4830591
"Ayush Homoeopathic Multi Speciality Clinic,kankil alapadamba",Hospital,12.1586789,75.2211235
Public Health Centre,Hospital,11.8297586,75.5882143
BMH Gimcare Hospital,Hospital,11.8393422,75.4279726
"ayurvedic dispensory,malur",Hospital,11.887595,75.6346297
"Kappad,Chelora Ayush PHC",Hospital,11.8818494,75.4300781
Ramachandran Hospital,Hospital,11.9047113,75.3504945
RISHI Ayurveda Hospital,Hospital,11.8825895,75.3739368
"Ayurveda Dispensary ,chalad",Hospital,11.8805604,75.3551009
West Coast Hospital,Hospital,11.8662192,75.3648668
"Homeo Dispensary ,pallipram",Hospital,11.8997954,75.4005179
AMrutham Ayurvedic Hospital,Hospital,11.8689224,75.3610074
St. Camilus Hospital Building,Hospital,11.892439647876763,75.82496273034425
Kannur District Hospital,Hospital,11.860919894135828,75.37091397914459
Elavunkal Hospital,Hospital,12.26997535122204,75.36061741571419
cherupuzha co-operative hospital,Hospital,12.26983016974039,75.35860952446271
St Sebastian's Hospital,Hospital,12.269473296477134,75.35602446064622
AKG Hospital,Hospital,11.88515194399639,75.37309564198189
Ashirvad Hospital,Hospital,11.871881878176405,75.37009183829254
Raslock Hospital,Hospital,11.871935549213024,75.37338059646801
KIMST Hospital,Hospital,11.883173048619325,75.37504850888423
Speciality Hospital,Hospital,11.873719783445518,75.38343020507888
S.M Hospital,Hospital,11.929300122658214,75.56720550986678
Aster Mims Hospital,Hospital,11.839178285197054,75.42989043370213
"Nikhil Hospital, Iritty",Hospital,11.994793641501364,75.67322358478853
Amala Multi Speciality Hospital,Hospital,11.979715197277336,75.67137231886117
Fathima Hospital,Hospital,11.877593637924877,75.37274948420489
Community Health Centre Mattannur,Hospital,11.929634752758124,75.57113036165585
Maruthayi Homeopathy hospital,Hospital,11.95066250533414,75.57270125037505
"Urban Primary Health Centre, Porora",Hospital,11.971129599999998,75.58120244999999
PHC Dharmasala,Hospital,11.98653321025508,75.37838508335268
Family Health Center Pattuvam,Hospital,12.02833442679607,75.3141938246163
"Family Health Centre, Chirakkal",Hospital,11.924005893119372,75.36380415321925
dentzz multi speciality,Hospital,11.752970523916952,75.61642087093657
"Primary health centre, Kuttiattoor",Hospital,11.958981819682274,75.47446807572675
Rihan child hospital,Hospital,12.043545824930575,75.35727408808623
Al shifa clinic,Hospital,12.040294848070271,75.36663206751744
"Government Taluk Head Quarter Hospital, Thaliparamba",Hospital,12.045427993050062,75.37678486326996
"Family Health Centre, Pattiam",Hospital,11.81388259804141,75.6256969695114
"Family Health Centre, Kottiyoor",Hospital,11.87608197123768,75.85890659877397
"Family Health Centre, Cheruthazham",Hospital,12.078827753378972,75.26578868922851
"Family Health Centre, Kankol Alapadamba",Hospital,12.179380732719029,75.24567431954512
Government Taluk hospital,Hospital,11.98603238899134,75.67266881417123
"Taluk hospital, Peringome",Hospital,12.222424340806754,75.31138058313232
"Taluk Hospital, Pazhayangadi",Hospital,12.034299848224348,75.26553719460824
"Family health centre, Thillankeri",Hospital,11.931628447298904,75.66067289512203
iritty taluk hospital,Hospital,11.984338693497197,75.55283413011215
"Family Health Centre, Muzhappilangad",Hospital,11.802480572351032,75.44422576458234
"Family Health Centre, Munderi",Hospital,11.936483847527352,75.43334405568683
"Taluk Hospital, Panoor",Hospital,11.758582137791892,75.5776371523083
PHC anjarakandy,Hospital,11.88835292625603,75.5018308970826
"Primary health care, Pattuvam",Hospital,12.028318456277724,75.3141662888119
"Primary health centre, Chuzhali",Hospital,12.061753389668011,75.45707051053657
"Family Health Centre, Eramam Kuttur",Hospital,12.1531072,75.30443304999999
"Primary Health Centre, Chalil",Hospital,11.73921985,75.49626529999999
"Primary health centre, Ettikulam",Hospital,12.015419834720396,75.20782344357038
Primary Health Centre Kunhimangalam,Hospital,12.08344752319513,75.23625908523023
"Family Health Centre, Ramanthali",Hospital,12.064285604371792,75.19832650721837
"Primary Health Centre, Alakkad",Hospital,12.13152368779949,75.35602932561301
"Primary health centre, Kuttiattor",Hospital,11.969236698871963,75.49180447183309
"Primary health centre, Kolachery",Hospital,11.946081700281397,75.41527330258228
"Primary Health Centre, Pampuruthy",Hospital,11.964970105449003,75.38538257354685
"Primary health centre, Eruvessy",Hospital,12.069935989084705,75.56194698210696
Primary Health Centre Angadikadavu,Hospital,12.030843255146712,75.7440018496495
"Family Health Centre, Elayavoor",Hospital,11.892828214670526,75.39968909064602
"Primary Health Centre, Ezhome",Hospital,12.045757720108918,75.30295474543593
"Family Health Centre, Anjarakandy",Hospital,11.899365101062129,75.50285354215136
"Primary health centre, Peralassery",Hospital,11.857654882093064,75.46154336325408
"Family Health Centre, Mokeri",Hospital,11.792114521836751,75.57983764022991
"24×7 Primary Health Centre, Cherykunnu",Hospital,11.988809899999998,75.3054709
medayil clinic,Hospital,12.08097455,75.24132220000001
"Community health centre, Oduvallithattu",Hospital,12.13728674834711,75.44055309418292
"Community Health Centre, Pappinisseri",Hospital,11.947981308334423,75.35493113072835
"Community Health Centre, Azhikode",Hospital,11.918524307284532,75.33448660603935
"Primary Health Centre, Mattool",Hospital,11.966849477337574,75.28766183865406
"24×7 Primary health centre, Kelakam",Hospital,11.900157783630531,75.81313644636244
"24×7 Primary health centre, koodali",Hospital,11.922790863129082,75.48017865382229
"24×7 Primary health centre, Udayagiri",Hospital,12.23641307821302,75.48272391492716
"24×7 Primary health centre, Naduvil",Hospital,12.122890600749969,75.48018440197005
"24×7 Primary health centre, Parassinikadavu",Hospital,11.984391827512107,75.4008157932922
Govt. Tribal dispensary Kannavam,Hospital,11.820576015371088,75.66009507644284
Primary Health Centre Vengad,Hospital,11.873134221997278,75.5053431365178
Primary Health Centre Dharmadam,Hospital,11.78020613659563,75.46901919131237
"Primary Health Centre, Puzhathi",Hospital,11.90338438854287,75.38209900768227
"Community Health Center, Oduvallithattu",Hospital,12.137131089683615,75.44063312598801
"Primary Health centre, Mangattidam",Hospital,11.8644025112554,75.54402186158347
"Primary health centre, Kanichar",Hospital,11.881092001894356,75.76811306733826
"Primary health centre, Chengalayi",Hospital,12.044486722211849,75.49071672427478
"Primary Health Centre, Peruva",Hospital,11.837871,75.71745655
"Primary health centre, Karikkottakari",Hospital,12.000910875860177,75.75503619104813
"Primary health centre, Vallithodu",Hospital,12.03899406538347,75.71569885814934
"Primary Health Centre, Kodiyeri",Hospital,11.745897915445708,75.53078952441179
"Primary health centre, Keezhalloor",Hospital,11.930656333187263,75.51783916180085
"Primary health centre, Chapparapadavu",Hospital,12.125889487060808,75.41223730545104
"Primary Health Centre, Maloor",Hospital,11.890611428401778,75.6768900615239
"Primary health centre, Kalliasseri",Hospital,11.97633365713206,75.36478979414257
"Family Health Centre, Kottayam Malabar",Hospital,11.800408623717026,75.5351244332323
"Fisheries Primary Health Centre, Puthiyangadi",Hospital,12.016686449999998,75.24261704999999
"Primary health centre, Kadachira",Hospital,11.833723376263077,75.44613166503183
"Primary Health Centre, Trippangottoor",Hospital,11.74126137472821,75.61757969145023
"Primary Health Centre, Kannapuram",Hospital,11.990109526526313,75.3276150939547
Darul hasanath hospital,Hospital,11.942514249166528,75.38957384353948
"Mukunda Hospital, Payyanur",Hospital,12.107824716509857,75.21315482023147
Primary Health Cenre Vallithodu,Hospital,11.967835116917986,75.35271024631439
"Primary Health Centre, Dharmadam",Hospital,11.779718831768829,75.47345544446247
Thaliparamba nursing home,Hospital,12.045961854463249,75.36958824515315
"Primary health centre, Chelora",Hospital,11.900183386743404,75.43111938437539
"Primary Health Centre, Chittariparamba",Hospital,11.855835734011857,75.65691191621484
Primary health centre Kudiyanmala,Hospital,12.142418085728078,75.55147497605608
Primary health centre Alacode(Manakadavu),Hospital,12.223270946721682,75.5020393816533
Primary Health Centre Cherukunnu (Punnachery),Hospital,12.001438984650648,75.28730910297577
Primary health centre Edakkad,Hospital,11.867651039854971,75.43123449150727
Primary Health Centre Panniyannur,Hospital,11.744193871094431,75.55962856844499
"Urban family health centre, Koovode",Hospital,12.018425890498104,75.36114702833392
Taliparamba Taluk Ayurveda Hospital,Hospital,12.017315570658988,75.36080337027163
Koyili Hospital,Hospital,11.887176022917467,75.3709148892702
AKG New Block,Hospital,11.885527722400168,75.37301090943643
"Anamaya Medical Institute, Payyanur",Hospital,12.119798802153312,75.20885748327437
Community Health center kootumugham,Hospital,12.052990186705584,75.53479726967086
Sreyas hospital,Hospital,11.786808789716131,75.5308606801211
chokli medical hospital parking ground,Hospital,11.725542926488632,75.55774080534529
E K Nayanar Memorial Government Hospital for Mother & Children,Hospital,11.991889229896229,75.38836317236053
Malabar Cancer Centre,Hospital,11.749313471000164,75.52362043200601
govt ayurvedha hospital thavam,Hospital,12.01054391675562,75.27956204930612
"Primary Health Centre, Pariyaram",Hospital,12.062545624178172,75.32685330462498
Government Homoeo Dispensary,Hospital,11.88941297590487,75.3622940066422
Community Health Centre Iriveri,Hospital,11.889521375633212,75.470397891128
Community Health Centre Iriveri,Hospital,11.889562442654526,75.47041433747893
"Primary Health Centre, Kolachery",Hospital,11.946417983596156,75.41522347874394
HNC Hospital,Hospital,11.92761874618839,75.57146003697659
"Government Medical College Hospital,Kannur",Hospital,12.073703514744816,75.29299041540679
"Primary Health Centre, Kadannalally",Hospital,12.113975372885836,75.29032236233412
"Primary health centre, Eruvessy",Hospital,12.084828209200056,75.56242140349714
"Primary health cetre, Edakkad",Hospital,11.865815880052164,75.43043476349305
"Family Health Centre, Ulikkal",Hospital,12.06526855,75.66528505000001
"Primary Health Centre, Chandanakampara",Hospital,12.106792205639753,75.60847486316875
"Taluk Hospital, Pazhayangadi",Hospital,12.034444683751692,75.26550174088106
Government Homeo Dispensary Malur,Hospital,11.8907045,75.64735235
"Primary Health Centre, Eranholi",Hospital,11.776614824688131,75.51200103455045
Rajiv Gandhi Co-Operative Hospital,Hospital,12.0395588,75.51104004999999
"Government Ayurveda Hospital, Payyanur",Hospital,12.12892885974414,75.21597835341785
"Taluk Government Hospital, Payyanur",Hospital,12.114491477856497,75.21059502234405
"P R Ramavarmaraja Memorial Co-operative Hospital, Alakode",Hospital,12.193009517442489,75.4685783070193
"Government Homeo Dispensary, Kottiyoor",Hospital,11.876991922392682,75.85252600694112
Aanjaneyam Ayurvedic Hospital,Hospital,12.260929050266098,75.34499513075289
"Primary Health Centre, Muzhakunnu",Hospital,11.93193937161082,75.71188480220927
"Primary Health Centre, Keezhpally",Hospital,11.976199398502056,75.77423216846822
Govt Homeo dispensery,Hospital,12.127546981645796,75.25849319522507
Anamaya Hospital,Hospital,12.116490698844514,75.20969229540972
"Family Health Center, Kalliasseri",Hospital,11.97633365713206,75.36478979414257
"Primary Health Centre, Kurumathur",Hospital,12.02329610958762,75.4076721915386
"Family Health Centre, Pulingome",Hospital,12.291070850000002,75.40661470000002
"Taluk Headquarters Hospital, Kuthuparamba",Hospital,11.8281184507015,75.56417895476024
"General Hospital, Thalassery",Hospital,11.747440145692051,75.4868280219954
"District TB Centre, Kannur",Hospital,11.892470446878464,75.37073247432382
"Taluk Head Quarter Hospital, Peravoor",Hospital,11.903034270265318,75.7332464923008
Government Ayurveda Dispensary Chembukavu;Govt. Ayurveda PHC,Hospital,11.828187050000002,75.73669225000002
Attadappa Dispensary,Hospital,11.865992114383976,75.43035063170497
CH center,Hospital,11.7465612,75.52618865
St.Camillus Hospital,Hospital,11.8891979,75.82886995000001
Primary Health Centre,Hospital,11.953537186091404,75.58368687339639
TNH Mom and child care,Hospital,12.04494175,75.37606764999998
Kannur Medical College,Hospital,11.875564457175168,75.49769563165098
BMH Kannur,Hospital,11.839359374245763,75.42769739722121
Community Health Center,Hospital,12.233175622315986,75.52277233531055
Irritty Police Station,Police,11.9953421,75.6798494
"Police Station, Dharmadam",Police,11.7747051,75.4661058
Thalassery police station,Police,11.7497197,75.4857798
Thalassery traffic Police Station,Police,11.747819,75.4886629
payambalam police control room,Police,11.8702119,75.3535649
"Police Station, Kolavaloor",Police,11.7662054,75.6251083
"Police Station, Panoor",Police,11.7594915,75.5832121
"Police Station, Peravoor",Police,11.8997077,75.7305727
"Police Station, Chokli",Police,11.7225283,75.5634687
"Police Station, Kelakam",Police,11.8953973,75.8084309
"Police Station, Aralam",Police,11.9717648,75.7819458
"Police Station, Marrakarkandy, Kannur City",Police,11.8583099,75.3932925
"police station, New Mahe",Police,11.7326259,75.5267789
"Police Station, Kadirur",Police,11.7816387,75.5346671
"Police Station, Kannur Town",Police,11.8738907,75.3709776
"Police Station, Kannavam",Police,11.8442804,75.6594821
"Police Station, Mattannur",Police,11.9311776,75.5703149
"Police Station, Muzhakkunnu",Police,11.936909,75.7073275
"Police Station, Pariyaram",Police,12.0692295,75.2958947
"Police Station, Sreekandapuram",Police,12.0460428,75.506019
"Police Station, Payyavoor",Police,12.0435848,75.5828361
"Police Station, Kudiyanmala",Police,12.1426351,75.5509442
"Police Station, Edakkad",Police,11.8032489,75.4461858
Kerala Railway Police Kannur,Police,11.8711661,75.3684363
Office of Circle Inspector of Police,Police,11.831856681030349,75.56597100071056
"Police Station, Kuthuparamba",Police,11.831983108387425,75.56616015307712
"Police Station, Cherupuzha",Police,12.270923119165165,75.36087520426264
IG Office,Police,11.873157398473976,75.37052681668901
Traffic Police,Police,11.877043072697225,75.37148207238953
"Police Station, Payangadi",Police,12.03105402611455,75.26566561054581
"Police Station, Irikkur",Police,11.983547240991738,75.55377012284625
Azhikkal Coastal Police Station,Police,11.943314666381056,75.3112903662975
Police Station Edakkad,Police,11.8031846,75.44613125
"Police Station, Chakkarakkal",Police,11.890337064435608,75.45728133553396
"Police Station,Kannapuram",Police,11.992835557481952,75.3058166266783
"Police Station, Mayyil",Police,11.995125755690092,75.44867007160919
"Police Station, Kannur Interantional Airport",Police,11.914792466426196,75.55103983730653
Mattannur Police Station,Police,11.930972968674022,75.5706355542767
Kannur Police Quarters,Police,11.87809954697111,75.36773147609865
"Police Station, Malur",Police,11.890939048595142,75.64717238597736
Thalassery Town police Station,Police,11.7478047322949,75.48866494641284
"Police Station, Alakode",Police,12.199691821465176,75.46315038530207
"Police Station, Iritty",Police,11.992693067427302,75.6813902402791
"Police Station, Peringome",Police,12.223879046436693,75.31390103619044
"Police Station, Ulikkal",Police,12.041078112701896,75.66284485948215
"Police Station, Valapattanam",Police,11.92416056194925,75.35127849177007
Kerala Armed Police IV Batalion,Police,11.986311899927845,75.37165064004
Rural S P Office,Police,11.985079586181184,75.3702604826367
"Police Station, Karikkottakari",Police,12.000723206502412,75.75379501549473
"Police Station ,Thaliparamba",Police,12.0374161,75.36304945
"Police Station, Payyanur",Police,12.110167005614636,75.21059863053583
Fire and Rescue Station,Fire,12.0298225,75.5063691
Fire and Rescue Station,Fire,12.0047496,75.5414254
"Fire and Rescue Station, Kannur Airport Station 2",Fire,11.9185812,75.55525215
"Fire and Rescue Station, Kannur Airport 1",Fire,11.9120622,75.53776699999999
"Fire and Rescue Station, Kannur",Fire,11.8641581128491,75.36761192207435
Fire and Rescue Station Kannur,Fire,11.867567023849908,75.367380716417
"Fire and Rescue Station, Thalassery",Fire,11.748179507348189,75.48716865344244
"Fire and Rescue Station, Mattannur",Fire,11.937938316861702,75.56111106247735
"Fire and Rescue Station, Peravoor",Fire,11.895905826815412,75.73280980972717
"Fire and Rescue Station, Peringome",Fire,12.2257981077763,75.31353772905322
"Fire and Rescue Station, Payyanur",Fire,12.11956445,75.20955704999999
"Fire and Rescue Station, Taliparamba",Fire,12.043247075440464,75.37907245303094
"Fire and Rescue Station, Iritty",Fire,11.990796199999998,75.67227759999999
"Fire and Rescue Station, Panoor",Fire,11.760174650000002,75.58381225
"Fire and Rescue Station, Koothuparamba",Fire,11.8316456,75.5748453
